Portfolio,Coin Name,Coin Symbol,Exchange,Pair,Type,Amount,Price,Price USD,Fee Percent,Fee Amount,Fee Currency,Date,Notes
Solana,Solana,SOL,,,Received,0.000001,,139.81187614500183,,,,"6/21/2025, 2:17:01 AM",
Solana,Solana,SOL,,,Received,0.000001,,139.81187614500183,,,,"6/21/2025, 2:16:46 AM",
Solana,Solana,SOL,,,Received,0.00001,,142.55615832377592,,,,"6/20/2025, 4:24:04 PM",
Solana,Solana,SOL,,,Received,6e-9,,142.55615832377592,,,,"6/20/2025, 4:23:54 PM",
Solana,Solana,SOL,,,Received,4e-9,,142.55615832377592,,,,"6/20/2025, 4:23:54 PM",
Solana,Solana,SOL,,,Received,2e-9,,142.55615832377592,,,,"6/20/2025, 4:23:54 PM",
Solana,Solana,SOL,,,Received,0.00001,,142.55615832377592,,,,"6/20/2025, 4:22:35 PM",
Solana,Solana,SOL,,,Received,4e-9,,142.55615832377592,,,,"6/20/2025, 4:22:27 PM",
Solana,Solana,SOL,,,Received,2e-9,,142.55615832377592,,,,"6/20/2025, 4:22:27 PM",
Solana,Solana,SOL,,,Received,6e-9,,142.55615832377592,,,,"6/20/2025, 4:22:27 PM",
Solana,Solana,SOL,,,Received,0.000001,,145.3802313695578,,,,"6/13/2025, 7:24:10 PM",
Solana,Solana,SOL,,,Received,0.00001,,144.38439491414385,,,,"6/13/2025, 2:32:40 PM",
Solana,Solana,SOL,,,Received,4e-9,,144.38439491414385,,,,"6/13/2025, 2:32:23 PM",
Solana,Solana,SOL,,,Received,2e-9,,144.38439491414385,,,,"6/13/2025, 2:32:23 PM",
Solana,Solana,SOL,,,Received,6e-9,,144.38439491414385,,,,"6/13/2025, 2:32:23 PM",
Solana,Solana,SOL,,,Received,8e-9,,144.38439491414385,,,,"6/13/2025, 2:32:23 PM",
Solana,Solana,SOL,,,Received,0.00001,,144.86183225098708,,,,"6/13/2025, 2:24:20 PM",
Solana,Solana,SOL,,,Received,4e-9,,144.86183225098708,,,,"6/13/2025, 2:24:01 PM",
Solana,Solana,SOL,,,Received,8e-9,,144.86183225098708,,,,"6/13/2025, 2:24:01 PM",
Solana,Solana,SOL,,,Received,2e-9,,144.86183225098708,,,,"6/13/2025, 2:24:01 PM",
Solana,Solana,SOL,,,Received,6e-9,,144.86183225098708,,,,"6/13/2025, 2:24:01 PM",
Solana,Solana,SOL,,,Received,0.00001,,150.0880789485221,,,,"6/6/2025, 6:14:10 PM",
Solana,Solana,SOL,,,Received,4e-9,,150.0880789485221,,,,"6/6/2025, 6:13:52 PM",
Solana,Solana,SOL,,,Received,8e-9,,150.0880789485221,,,,"6/6/2025, 6:13:52 PM",
Solana,Solana,SOL,,,Received,2e-9,,150.0880789485221,,,,"6/6/2025, 6:13:52 PM",
Solana,Solana,SOL,,,Received,6e-9,,150.0880789485221,,,,"6/6/2025, 6:13:52 PM",
Solana,Solana,SOL,,,Received,1e-9,,150.0880789485221,,,,"6/6/2025, 6:13:25 PM",
Solana,Solana,SOL,,,Received,1e-9,,150.0880789485221,,,,"6/6/2025, 6:13:25 PM",
Solana,Solana,SOL,,,Received,1e-9,,150.0880789485221,,,,"6/6/2025, 6:13:25 PM",
Solana,Solana,SOL,,,Received,1e-9,,150.0880789485221,,,,"6/6/2025, 6:13:25 PM",
Solana,Solana,SOL,,,Sent,0.5,,150.0880789485221,[object Object],0.00008,solana,"6/6/2025, 6:13:23 PM",
Solana,Solana,SOL,,,Received,0.00001,,150.0880789485221,,,,"6/6/2025, 6:12:53 PM",
Solana,Solana,SOL,,,Received,4e-9,,150.0880789485221,,,,"6/6/2025, 6:12:35 PM",
Solana,Solana,SOL,,,Received,8e-9,,150.0880789485221,,,,"6/6/2025, 6:12:35 PM",
Solana,Solana,SOL,,,Received,6e-9,,150.0880789485221,,,,"6/6/2025, 6:12:35 PM",
Solana,Solana,SOL,,,Received,2e-9,,150.0880789485221,,,,"6/6/2025, 6:12:35 PM",
Solana,Solana,SOL,,,Received,1.645,,150.0880789485221,,,,"6/6/2025, 6:12:08 PM",
Solana,Solana,SOL,,,Received,1e-9,,156.13673945779033,,,,"6/4/2025, 12:07:32 PM",
Solana,Solana,SOL,,,Received,1e-9,,155.47600234009838,,,,"6/4/2025, 12:11:36 AM",
Solana,Solana,SOL,,,Sent,30.00299976,,160.34210513053182,[object Object],0.000129257,solana,"6/3/2025, 8:01:36 PM",
Solana,USDC,USDC,,,Sell,20.571529,,0.999799,[object Object],0.000026383,solana,"6/3/2025, 8:00:13 PM",
Solana,Solana,SOL,,,Buy,0.128072248,,160.34210513053182,,,,"6/3/2025, 8:00:13 PM",
Solana,Jupiter Perpetuals Liquidity Provider Token,JLP,,,Sell,4.991456,,4.503394634627796,[object Object],0.000026383,solana,"6/3/2025, 7:59:58 PM",
Solana,Solana,SOL,,,Buy,0.140190851,,160.34210513053182,,,,"6/3/2025, 7:59:58 PM",
Solana,Coinbase Wrapped BTC,CBBTC,,,Sell,0.00025905,,106029.04845921605,[object Object],0.000026383,solana,"6/3/2025, 7:59:50 PM",
Solana,Solana,SOL,,,Buy,0.171301387,,160.34210513053182,,,,"6/3/2025, 7:59:50 PM",
Solana,Solana,SOL,,,Received,1e-9,,160.34210513053182,,,,"6/3/2025, 7:59:43 PM",
Solana,Solana,SOL,,,Received,1e-9,,160.34210513053182,,,,"6/3/2025, 7:59:43 PM",
Solana,Wrapped BTC (Wormhole),WBTC,,,Sell,0.00021763,,105966.36704101168,[object Object],0.000026383,solana,"6/3/2025, 7:59:38 PM",
Solana,Solana,SOL,,,Buy,0.143826604,,160.34210513053182,,,,"6/3/2025, 7:59:38 PM",
Solana,Solana,SOL,,,Received,22.582676316,,160.99278238744472,,,,"6/3/2025, 7:25:40 PM",
Solana,Solana,SOL,,,Received,5.740531864,,160.68482022262447,,,,"6/3/2025, 7:22:51 PM",
Solana,Solana,SOL,,,Received,0.000001,,176.71414468623524,,,,"5/14/2025, 3:38:51 PM",
Solana,Solana,SOL,,,Received,0.00001,,176.71414468623524,,,,"5/14/2025, 3:38:19 PM",
Solana,Solana,SOL,,,Received,4e-9,,176.71414468623524,,,,"5/14/2025, 3:37:58 PM",
Solana,Solana,SOL,,,Received,6e-9,,176.71414468623524,,,,"5/14/2025, 3:37:58 PM",
Solana,Solana,SOL,,,Received,2e-9,,176.71414468623524,,,,"5/14/2025, 3:37:58 PM",
Solana,Solana,SOL,,,Received,0.00001,,176.71414468623524,,,,"5/14/2025, 3:37:38 PM",
Solana,Solana,SOL,,,Received,0.5,,176.71414468623524,,,,"5/14/2025, 3:36:26 PM",
Solana,Coinbase Wrapped BTC,CBBTC,,,Received,0.00025905,,103275,,,,"5/14/2025, 3:34:31 PM",
Solana,Solana,SOL,,,Received,1e-9,,174.9463329890385,,,,"5/12/2025, 5:29:17 PM",
Solana,Solana,SOL,,,Received,1e-9,,174.9463329890385,,,,"5/12/2025, 5:29:17 PM",
Solana,Solana,SOL,,,Received,1e-9,,174.9463329890385,,,,"5/12/2025, 5:29:11 PM",
Solana,Solana,SOL,,,Received,1e-9,,174.9463329890385,,,,"5/12/2025, 5:29:11 PM",
Solana,Solana,SOL,,,Sent,15.00299976,,174.9463329890385,[object Object],0.000232619,solana,"5/12/2025, 5:29:01 PM",
Solana,Solana,SOL,,,Received,0.00001,,174.9463329890385,,,,"5/12/2025, 5:27:22 PM",
Solana,Solana,SOL,,,Received,13,,176.41482940784144,,,,"5/12/2025, 5:24:00 PM",
Solana,Solana,SOL,,,Received,0.74,,176.41482940784144,,,,"5/12/2025, 5:18:45 PM",
Solana,Solana,SOL,,,Received,1.9,,176.41482940784144,,,,"5/12/2025, 5:15:22 PM",
Solana,Solana,SOL,,,Received,1e-9,,170.20300427,,,,"5/9/2025, 12:05:07 PM",
Solana,Solana,SOL,,,Received,1e-9,,163.57917475,,,,"5/9/2025, 12:12:02 AM",
Solana,Solana,SOL,,,Received,1e-9,,160.105441,,,,"5/8/2025, 7:53:19 PM",
Solana,Solana,SOL,,,Received,1e-9,,160.105441,,,,"5/8/2025, 7:53:14 PM",
Solana,Solana,SOL,,,Received,0.00001,,160.00936433,,,,"5/8/2025, 6:30:46 PM",
Solana,Solana,SOL,,,Received,6e-9,,160.00936433,,,,"5/8/2025, 6:30:30 PM",
Solana,Solana,SOL,,,Received,2e-9,,160.00936433,,,,"5/8/2025, 6:30:30 PM",
Solana,Solana,SOL,,,Received,4e-9,,160.00936433,,,,"5/8/2025, 6:30:30 PM",
Solana,Raydium,RAY,,,Sell,6.698095,,2.480771771675379,[object Object],0.000137266,solana,"5/6/2025, 12:52:58 AM",
Solana,USDC,USDC,,,Buy,16.616445,,1,,,,"5/6/2025, 12:52:58 AM",
Solana,Solana,SOL,,,Received,1e-9,,145.8892186214661,,,,"5/6/2025, 12:52:51 AM",
Solana,Solana,SOL,,,Received,1e-9,,145.8892186214661,,,,"5/6/2025, 12:52:46 AM",
Solana,Solana,SOL,,,Sell,4.963601969,,145.8892186214661,[object Object],0.000137266,solana,"5/6/2025, 12:52:39 AM",
Solana,USDC,USDC,,,Buy,724.385408,,1,,,,"5/6/2025, 12:52:39 AM",
Solana,Solana,SOL,,,Received,2.35,,146.01934275894732,,,,"5/6/2025, 12:32:02 AM",
Solana,Solana,SOL,,,Received,2.62,,146.01934275894732,,,,"5/6/2025, 12:25:37 AM",
Solana,Solana,SOL,,,Received,1e-9,,152.00687057367824,,,,"4/23/2025, 12:09:59 PM",
Solana,Solana,SOL,,,Received,1e-9,,148.70137451056692,,,,"4/22/2025, 11:47:43 PM",
Solana,Solana,SOL,,,Received,1e-9,,148.70137451056692,,,,"4/22/2025, 11:47:42 PM",
Solana,Solana,SOL,,,Received,1e-9,,148.70137451056692,,,,"4/22/2025, 11:47:28 PM",
Solana,Solana,SOL,,,Sent,9.48299976,,148.70137451056692,[object Object],0.000242082,solana,"4/22/2025, 11:47:25 PM",
Solana,Solana,SOL,,,Received,0.00001,,148.70137451056692,,,,"4/22/2025, 11:47:06 PM",
Solana,Solana,SOL,,,Received,4e-9,,148.70137451056692,,,,"4/22/2025, 11:46:44 PM",
Solana,Solana,SOL,,,Received,6e-9,,148.70137451056692,,,,"4/22/2025, 11:46:44 PM",
Solana,Solana,SOL,,,Received,2e-9,,148.70137451056692,,,,"4/22/2025, 11:46:44 PM",
Solana,Solana,SOL,,,Received,9.48,,148.70137451056692,,,,"4/22/2025, 11:46:14 PM",
Solana,Solana,SOL,,,Received,1e-9,,135.92684503104496,,,,"4/20/2025, 12:03:45 PM",
Solana,Solana,SOL,,,Received,1e-9,,140.90363917919538,,,,"4/20/2025, 12:28:50 AM",
Solana,Solana,SOL,,,Received,1e-9,,139.9238906444989,,,,"4/19/2025, 3:43:09 PM",
Solana,Solana,SOL,,,Received,1e-9,,139.9238906444989,,,,"4/19/2025, 3:43:09 PM",
Solana,Solana,SOL,,,Sent,4.52536393,,139.9238906444989,[object Object],0.000166454,solana,"4/19/2025, 3:42:48 PM",
Solana,Solana,SOL,,,Received,2.1,,133.1187356688344,,,,"4/18/2025, 4:16:51 PM",
Solana,Solana,SOL,,,Received,0.00001,,132.9316832492372,,,,"4/18/2025, 4:12:42 PM",
Solana,Solana,SOL,,,Received,4e-9,,132.9316832492372,,,,"4/18/2025, 4:12:19 PM",
Solana,Solana,SOL,,,Received,6e-9,,132.9316832492372,,,,"4/18/2025, 4:12:19 PM",
Solana,Solana,SOL,,,Received,2e-9,,132.9316832492372,,,,"4/18/2025, 4:12:19 PM",
Solana,Solana,SOL,,,Received,2.418776869,,132.9316832492372,,,,"4/18/2025, 4:10:52 PM",
Solana,Solana,SOL,,,Sent,0.00625008,,130.78879199593572,[object Object],0.000152079,solana,"4/14/2025, 8:18:42 PM",
Solana,USDC,USDC,,,Sent,4051.222472,,0.999981,,,,"4/14/2025, 8:18:42 PM",
Solana,Solana,SOL,,,Sell,12.676098059,,130.78879199593572,[object Object],0.000020547,solana,"4/14/2025, 8:17:45 PM",
Solana,USDC,USDC,,,Buy,1650.908164,,0.999981,,,,"4/14/2025, 8:17:45 PM",
Solana,Solana,SOL,,,Received,1e-9,,130.78879199593572,,,,"4/14/2025, 8:17:20 PM",
Solana,Solana,SOL,,,Received,1e-9,,130.78879199593572,,,,"4/14/2025, 8:17:20 PM",
Solana,Raydium,RAY,,,Sell,5.250012,,2.0508740591370076,[object Object],0.000020547,solana,"4/14/2025, 8:17:18 PM",
Solana,USDC,USDC,,,Buy,10.767318,,0.999981,,,,"4/14/2025, 8:17:18 PM",
Solana,Solana,SOL,,,Received,1e-9,,130.78879199593572,,,,"4/14/2025, 8:17:14 PM",
Solana,Solana,SOL,,,Received,1e-9,,130.78879199593572,,,,"4/14/2025, 8:17:14 PM",
Solana,Jupiter Perpetuals Liquidity Provider Token,JLP,,,Sell,108.864022,,3.786560087483567,[object Object],0.000020547,solana,"4/14/2025, 8:17:07 PM",
Solana,USDC,USDC,,,Buy,412.227993,,0.999981,,,,"4/14/2025, 8:17:07 PM",
Solana,Solana,SOL,,,Received,0.00001,,131.01087121726187,,,,"4/14/2025, 7:59:14 PM",
Solana,Solana,SOL,,,Received,2e-9,,131.01087121726187,,,,"4/14/2025, 7:58:53 PM",
Solana,Solana,SOL,,,Received,4e-9,,131.01087121726187,,,,"4/14/2025, 7:58:53 PM",
Solana,Solana,SOL,,,Received,8e-9,,131.01087121726187,,,,"4/14/2025, 7:58:53 PM",
Solana,Solana,SOL,,,Received,6e-9,,131.01087121726187,,,,"4/14/2025, 7:58:53 PM",
Solana,Solana,SOL,,,Received,2e-9,,131.01087121726187,,,,"4/14/2025, 7:58:51 PM",
Solana,Solana,SOL,,,Received,6e-9,,131.01087121726187,,,,"4/14/2025, 7:58:51 PM",
Solana,Solana,SOL,,,Received,8e-9,,131.01087121726187,,,,"4/14/2025, 7:58:51 PM",
Solana,Solana,SOL,,,Received,4e-9,,131.01087121726187,,,,"4/14/2025, 7:58:51 PM",
Solana,Solana,SOL,,,Received,10.84492555,,131.01087121726187,,,,"4/14/2025, 7:57:33 PM",
Solana,Solana,SOL,,,Received,0.8,,130.9524544262582,,,,"4/14/2025, 7:28:52 PM",
Solana,Solana,SOL,,,Received,0.00001,,130.9822420368797,,,,"4/14/2025, 7:17:11 PM",
Solana,Solana,SOL,,,Received,8e-9,,130.9822420368797,,,,"4/14/2025, 7:16:49 PM",
Solana,Solana,SOL,,,Received,2e-9,,130.9822420368797,,,,"4/14/2025, 7:16:49 PM",
Solana,Solana,SOL,,,Received,4e-9,,130.9822420368797,,,,"4/14/2025, 7:16:49 PM",
Solana,Solana,SOL,,,Received,6e-9,,130.9822420368797,,,,"4/14/2025, 7:16:49 PM",
Solana,Solana,SOL,,,Received,6e-9,,130.9822420368797,,,,"4/14/2025, 7:16:43 PM",
Solana,Solana,SOL,,,Received,4e-9,,130.9822420368797,,,,"4/14/2025, 7:16:43 PM",
Solana,Solana,SOL,,,Received,8e-9,,130.9822420368797,,,,"4/14/2025, 7:16:43 PM",
Solana,Solana,SOL,,,Received,2e-9,,130.9822420368797,,,,"4/14/2025, 7:16:43 PM",
Solana,Solana,SOL,,,Received,1,,130.9822420368797,,,,"4/14/2025, 7:15:02 PM",
Solana,Solana,SOL,,,Received,0.00001,,106.42463046143668,,,,"4/7/2025, 4:03:43 PM",
Solana,Solana,SOL,,,Received,2e-9,,106.42463046143668,,,,"4/7/2025, 4:03:31 PM",
Solana,Solana,SOL,,,Received,4e-9,,106.42463046143668,,,,"4/7/2025, 4:03:31 PM",
Solana,Solana,SOL,,,Received,1e-9,,114.40788204285094,,,,"4/4/2025, 12:04:26 PM",
Solana,Solana,SOL,,,Received,1e-9,,117.03156961700518,,,,"4/4/2025, 12:04:44 AM",
Solana,Solana,SOL,,,Sent,0.00299976,,115.70620980861435,[object Object],0.000037205,solana,"4/3/2025, 8:53:38 PM",
Solana,USDC,USDC,,,Sent,1786.848622,,0.999887,,,,"4/3/2025, 8:53:38 PM",
Solana,Solana,SOL,,,Sell,5,,116.148488737505,,,,"4/3/2025, 8:53:01 PM",
Solana,USDC,USDC,,,Buy,580.808075,,0.999887,,,,"4/3/2025, 8:53:01 PM",
Solana,Jupiter Perpetuals Liquidity Provider Token,JLP,,,Sell,21.207412,,3.5933953506083625,[object Object],0.000064745,solana,"4/3/2025, 8:52:34 PM",
Solana,USDC,USDC,,,Buy,76.215228,,0.999887,,,,"4/3/2025, 8:52:34 PM",
Solana,Solana,SOL,,,Received,1e-9,,115.70620980861435,,,,"4/3/2025, 8:52:31 PM",
Solana,Solana,SOL,,,Received,1e-9,,115.70620980861435,,,,"4/3/2025, 8:52:31 PM",
Solana,Ethereum (Wormhole),ETH,,,Sell,0.03436174,,1791.7698577678545,[object Object],0.000012432,solana,"4/3/2025, 8:52:21 PM",
Solana,USDC,USDC,,,Buy,61.575288,,0.999887,,,,"4/3/2025, 8:52:21 PM",
Solana,Solana,SOL,,,Received,0.00001,,114.05357406604763,,,,"4/3/2025, 6:12:58 PM",
Solana,Solana,SOL,,,Received,2e-9,,114.05357406604763,,,,"4/3/2025, 6:11:37 PM",
Solana,Solana,SOL,,,Received,4e-9,,114.05357406604763,,,,"4/3/2025, 6:11:37 PM",
Solana,Solana,SOL,,,Received,2,,114.05357406604763,,,,"4/3/2025, 6:09:52 PM",
Solana,Solana,SOL,,,Received,0.00001,,114.05357406604763,,,,"4/3/2025, 6:08:19 PM",
Solana,Solana,SOL,,,Received,2e-9,,114.05357406604763,,,,"4/3/2025, 6:07:38 PM",
Solana,Solana,SOL,,,Received,4e-9,,114.05357406604763,,,,"4/3/2025, 6:07:38 PM",
Solana,Solana,SOL,,,Received,0.0001,,114.05357406604763,,,,"4/3/2025, 6:06:34 PM",
Solana,Solana,SOL,,,Received,3,,114.05357406604763,,,,"4/3/2025, 6:06:29 PM",
Solana,Solana,SOL,,,Received,0.0001,,114.20405068839717,,,,"4/3/2025, 6:04:53 PM",
Solana,Solana,SOL,,,Received,0.00001,,127.12488551767636,,,,"4/1/2025, 1:07:24 PM",
Solana,Solana,SOL,,,Received,2e-9,,127.12488551767636,,,,"4/1/2025, 1:07:07 PM",
Solana,Solana,SOL,,,Received,4e-9,,127.12488551767636,,,,"4/1/2025, 1:07:07 PM",
Solana,Solana,SOL,,,Received,0.000001,,128.1911908395413,,,,"3/21/2025, 2:29:10 AM",
Solana,Solana,SOL,,,Received,0.000001,,128.85653619507784,,,,"3/21/2025, 2:09:40 AM",
Solana,Solana,SOL,,,Sent,0.00299976,,127.58207822095852,[object Object],0.000017522,solana,"3/20/2025, 9:27:26 PM",
Solana,USDC,USDC,,,Sent,655.990207,,0.999678,,,,"3/20/2025, 9:27:26 PM",
Solana,Solana,SOL,,,Received,1e-9,,127.58207822095852,,,,"3/20/2025, 9:26:49 PM",
Solana,Solana,SOL,,,Received,1e-9,,127.58207822095852,,,,"3/20/2025, 9:26:49 PM",
Solana,Solana,SOL,,,Received,1e-9,,127.58207822095852,,,,"3/20/2025, 9:26:49 PM",
Solana,Solana,SOL,,,Received,1e-9,,127.58207822095852,,,,"3/20/2025, 9:26:45 PM",
Solana,Solana,SOL,,,Sell,3.10001,,127.58207822095852,[object Object],0.00050869,solana,"3/20/2025, 9:26:37 PM",
Solana,USDC,USDC,,,Buy,395.454655,,0.999678,,,,"3/20/2025, 9:26:37 PM",
Solana,Solana,SOL,,,Received,0.00001,,128.16163443677502,,,,"3/20/2025, 9:12:22 PM",
Solana,Solana,SOL,,,Received,4e-9,,128.16163443677502,,,,"3/20/2025, 9:12:09 PM",
Solana,Solana,SOL,,,Received,2e-9,,128.16163443677502,,,,"3/20/2025, 9:12:09 PM",
Solana,Solana,SOL,,,Received,0.00001,,128.16163443677502,,,,"3/20/2025, 9:11:42 PM",
Solana,Solana,SOL,,,Received,4e-9,,128.16163443677502,,,,"3/20/2025, 9:11:22 PM",
Solana,Solana,SOL,,,Received,2e-9,,128.16163443677502,,,,"3/20/2025, 9:11:21 PM",
Solana,Solana,SOL,,,Received,1.140626549,,128.16163443677502,,,,"3/20/2025, 9:10:39 PM",
Solana,Solana,SOL,,,Received,0.00001,,128.16163443677502,,,,"3/20/2025, 9:08:13 PM",
Solana,Solana,SOL,,,Received,4e-9,,128.16163443677502,,,,"3/20/2025, 9:07:57 PM",
Solana,Solana,SOL,,,Received,2e-9,,128.16163443677502,,,,"3/20/2025, 9:07:57 PM",
Solana,Solana,SOL,,,Received,0.00001,,128.16163443677502,,,,"3/20/2025, 9:07:57 PM",
Solana,Solana,SOL,,,Received,4e-9,,128.16163443677502,,,,"3/20/2025, 9:07:36 PM",
Solana,Solana,SOL,,,Received,2e-9,,128.16163443677502,,,,"3/20/2025, 9:07:36 PM",
Solana,Solana,SOL,,,Received,2,,128.16163443677502,,,,"3/20/2025, 9:07:26 PM",
Solana,Solana,SOL,,,Received,1e-9,,133.70068054,,,,"3/15/2025, 12:18:58 PM",
Solana,Solana,SOL,,,Received,1e-9,,133.37131968,,,,"3/15/2025, 12:10:23 AM",
Solana,Solana,SOL,,,Sent,0.00299976,,130.74307852,[object Object],0.000024863,solana,"3/14/2025, 2:54:25 PM",
Solana,USDC,USDC,,,Sent,2253.142044,,0.999895,,,,"3/14/2025, 2:54:25 PM",
Solana,Solana,SOL,,,Sell,9.852729946,,130.74307852,[object Object],0.000020176,solana,"3/14/2025, 2:51:00 PM",
Solana,USDC,USDC,,,Buy,1281.807426,,0.999895,,,,"3/14/2025, 2:51:00 PM",
Solana,Solana,SOL,,,Received,1e-9,,130.74307852,,,,"3/14/2025, 2:50:47 PM",
Solana,Ethereum (Wormhole),ETH,,,Sell,0.00978344,,1902.7009133724948,[object Object],0.000020176,solana,"3/14/2025, 2:50:45 PM",
Solana,USDC,USDC,,,Buy,18.616915,,0.999895,,,,"3/14/2025, 2:50:45 PM",
Solana,Solana,SOL,,,Received,1e-9,,130.74307852,,,,"3/14/2025, 2:50:34 PM",
Solana,Solana,SOL,,,Received,1e-9,,130.74307852,,,,"3/14/2025, 2:50:29 PM",
Solana,Jupiter Perpetuals Liquidity Provider Token,JLP,,,Sell,6.027601,,3.74953545812256,[object Object],0.000020176,solana,"3/14/2025, 2:50:22 PM",
Solana,USDC,USDC,,,Buy,22.603077,,0.999895,,,,"3/14/2025, 2:50:22 PM",
Solana,Solana,SOL,,,Received,0.00001,,130.74307852,,,,"3/14/2025, 2:50:16 PM",
Solana,Solana,SOL,,,Received,2e-9,,130.74307852,,,,"3/14/2025, 2:49:57 PM",
Solana,Solana,SOL,,,Received,1.579708675,,130.74307852,,,,"3/14/2025, 2:49:27 PM",
Solana,Solana,SOL,,,Received,0.00001,,130.74307852,,,,"3/14/2025, 2:48:35 PM",
Solana,Solana,SOL,,,Received,2e-9,,130.74307852,,,,"3/14/2025, 2:48:20 PM",
Solana,Solana,SOL,,,Received,0.849319204,,130.74307852,,,,"3/14/2025, 2:47:49 PM",
Solana,Solana,SOL,,,Received,0.079770025,,124.09199958,,,,"3/12/2025, 6:05:30 PM",
Solana,Solana,SOL,,,Received,0.00001,,123.6348011,,,,"3/12/2025, 6:04:48 PM",
Solana,Solana,SOL,,,Received,4e-9,,123.6348011,,,,"3/12/2025, 6:04:30 PM",
Solana,Solana,SOL,,,Received,8e-9,,123.6348011,,,,"3/12/2025, 6:04:30 PM",
Solana,Solana,SOL,,,Received,6e-9,,123.6348011,,,,"3/12/2025, 6:04:30 PM",
Solana,Solana,SOL,,,Received,2e-9,,123.6348011,,,,"3/12/2025, 6:04:30 PM",
Solana,Solana,SOL,,,Received,2.144705058,,123.6348011,,,,"3/12/2025, 6:04:22 PM",
Solana,Solana,SOL,,,Received,0.04,,125.34897921,,,,"3/12/2025, 5:35:52 PM",
Solana,Solana,SOL,,,Received,0.00001,,125.34897921,,,,"3/12/2025, 5:35:34 PM",
Solana,Solana,SOL,,,Received,6e-9,,125.34897921,,,,"3/12/2025, 5:35:17 PM",
Solana,Solana,SOL,,,Received,8e-9,,125.34897921,,,,"3/12/2025, 5:35:17 PM",
Solana,Solana,SOL,,,Received,4e-9,,125.34897921,,,,"3/12/2025, 5:35:17 PM",
Solana,Solana,SOL,,,Received,2e-9,,125.34897921,,,,"3/12/2025, 5:35:17 PM",
Solana,Solana,SOL,,,Received,5.172460652,,125.78333053,,,,"3/12/2025, 5:34:52 PM",
Solana,Solana,SOL,,,Received,1e-9,,137.65922517,,,,"3/8/2025, 12:21:53 PM",
Solana,Solana,SOL,,,Received,0.000001,,139.30118812,,,,"3/8/2025, 3:40:53 AM",
Solana,Solana,SOL,,,Received,1e-9,,139.28710555,,,,"3/8/2025, 12:27:29 AM",
Solana,Solana,SOL,,,Sent,9.66985285,,141.64328724,[object Object],0.000264804,solana,"3/7/2025, 5:15:16 PM",
Solana,Solana,SOL,,,Received,0.00001,,141.64328724,,,,"3/7/2025, 5:15:09 PM",
Solana,Solana,SOL,,,Received,2e-9,,141.65260856,,,,"3/7/2025, 5:14:52 PM",
Solana,Solana,SOL,,,Received,6e-9,,141.65260856,,,,"3/7/2025, 5:14:51 PM",
Solana,Solana,SOL,,,Received,4e-9,,141.65260856,,,,"3/7/2025, 5:14:51 PM",
Solana,Solana,SOL,,,Received,8e-9,,141.65260856,,,,"3/7/2025, 5:14:51 PM",
Solana,Jupiter Perpetuals Liquidity Provider Token,JLP,,,Sell,18.799101,,3.8844948187121386,[object Object],0.000087358,solana,"3/7/2025, 5:13:08 PM",
Solana,Solana,SOL,,,Buy,0.515521819,,141.65260856,,,,"3/7/2025, 5:13:08 PM",
Solana,Solana,SOL,,,Received,1e-9,,141.65260856,,,,"3/7/2025, 5:12:26 PM",
Solana,Solana,SOL,,,Received,1e-9,,141.65260856,,,,"3/7/2025, 5:12:23 PM",
Solana,Solana,SOL,,,Received,1e-9,,141.65260856,,,,"3/7/2025, 5:12:23 PM",
Solana,USDC,USDC,,,Sent,2603.686693,,0.999853,[object Object],0.000079994,solana,"3/7/2025, 5:12:21 PM",
Solana,Solana,SOL,,,Received,0.00001,,145.0801816,,,,"3/7/2025, 4:10:02 PM",
Solana,Solana,SOL,,,Received,2e-9,,145.0801816,,,,"3/7/2025, 4:09:49 PM",
Solana,Solana,SOL,,,Received,6e-9,,145.0801816,,,,"3/7/2025, 4:09:49 PM",
Solana,Solana,SOL,,,Received,8e-9,,145.0801816,,,,"3/7/2025, 4:09:49 PM",
Solana,Solana,SOL,,,Received,4e-9,,145.0801816,,,,"3/7/2025, 4:09:48 PM",
Solana,Solana,SOL,,,Received,0.00001,,145.0801816,,,,"3/7/2025, 4:09:45 PM",
Solana,Solana,SOL,,,Received,2e-9,,145.0801816,,,,"3/7/2025, 4:09:32 PM",
Solana,Solana,SOL,,,Received,8e-9,,145.0801816,,,,"3/7/2025, 4:09:28 PM",
Solana,Solana,SOL,,,Received,6e-9,,145.0801816,,,,"3/7/2025, 4:09:28 PM",
Solana,Solana,SOL,,,Received,4e-9,,145.0801816,,,,"3/7/2025, 4:09:28 PM",
Solana,Solana,SOL,,,Received,9.144574318,,145.0801816,,,,"3/7/2025, 4:08:00 PM",
Solana,Solana,SOL,,,Received,0.000001,,137.23051887,,,,"3/4/2025, 3:02:12 PM",
Solana,Solana,SOL,,,Received,0.00001,,141.73410002,,,,"3/4/2025, 12:55:13 AM",
Solana,Solana,SOL,,,Received,2e-9,,142.61495042,,,,"3/4/2025, 12:54:53 AM",
Solana,Solana,SOL,,,Received,8e-9,,142.61495042,,,,"3/4/2025, 12:54:53 AM",
Solana,Solana,SOL,,,Received,6e-9,,142.61495042,,,,"3/4/2025, 12:54:53 AM",
Solana,Solana,SOL,,,Received,4e-9,,142.61495042,,,,"3/4/2025, 12:54:53 AM",
Solana,Solana,SOL,,,Sent,0.00299976,,137.30866577,[object Object],0.000042352,solana,"2/26/2025, 5:09:18 PM",
Solana,USDC,USDC,,,Sent,547.997757,,0.999898,,,,"2/26/2025, 5:09:18 PM",
Solana,Solana,SOL,,,Received,1e-7,,137.30866577,,,,"2/26/2025, 5:08:52 PM",
Solana,Solana,SOL,,,Received,1e-7,,137.30866577,,,,"2/26/2025, 5:08:52 PM",
Solana,Solana,SOL,,,Sell,1.374413002,,137.30866577,[object Object],0.000032421,solana,"2/26/2025, 5:08:42 PM",
Solana,USDC,USDC,,,Buy,188.778199,,0.999898,,,,"2/26/2025, 5:08:42 PM",
Solana,Solana,SOL,,,Received,1e-7,,138.6847596,,,,"2/26/2025, 4:06:25 PM",
Solana,Solana,SOL,,,Received,1e-7,,138.6847596,,,,"2/26/2025, 4:06:25 PM",
Solana,Solana,SOL,,,Sent,0.2,,138.6847596,[object Object],0.00008,solana,"2/26/2025, 4:06:20 PM",
Solana,Solana,SOL,,,Received,0.000001,,171.89389173,,,,"2/22/2025, 8:43:58 AM",
Solana,Solana,SOL,,,Received,1e-7,,169.29893474,,,,"2/21/2025, 8:25:15 PM",
Solana,Solana,SOL,,,Received,1e-7,,169.29893474,,,,"2/21/2025, 8:25:14 PM",
Solana,Solana,SOL,,,Sent,0.00299976,,169.29893474,[object Object],0.00006941,solana,"2/21/2025, 8:25:13 PM",
Solana,USDC,USDC,,,Sent,1124.363433,,0.999896,,,,"2/21/2025, 8:25:13 PM",
Solana,Solana,SOL,,,Received,0.00001,,169.01395971,,,,"2/21/2025, 8:24:30 PM",
Solana,Solana,SOL,,,Received,6e-9,,169.01395971,,,,"2/21/2025, 8:24:22 PM",
Solana,Solana,SOL,,,Received,4e-9,,169.01395971,,,,"2/21/2025, 8:24:22 PM",
Solana,Solana,SOL,,,Received,2e-9,,169.01395971,,,,"2/21/2025, 8:24:22 PM",
Solana,Solana,SOL,,,Received,8e-9,,169.01395971,,,,"2/21/2025, 8:24:22 PM",
Solana,Solana,SOL,,,Received,1.535107537,,164.39966688,,,,"2/18/2025, 9:04:04 PM",
Solana,Solana,SOL,,,Received,1e-9,,194.75110326,,,,"2/15/2025, 12:02:43 PM",
Solana,Solana,SOL,,,Received,0.000001,,197.22880288,,,,"2/15/2025, 6:02:15 AM",
Solana,Solana,SOL,,,Received,1e-9,,197.52070437,,,,"2/15/2025, 12:27:54 AM",
Solana,Solana,SOL,,,Received,1e-7,,202.07601624,,,,"2/14/2025, 7:35:04 PM",
Solana,Solana,SOL,,,Sent,5.00299976,,202.07601624,[object Object],0.000212841,solana,"2/14/2025, 7:35:02 PM",
Solana,Solana,SOL,,,Received,1e-7,,203.21225384,,,,"2/14/2025, 7:18:06 PM",
Solana,Solana,SOL,,,Received,1e-7,,203.21225384,,,,"2/14/2025, 7:18:06 PM",
Solana,USDC,USDC,,,Sell,1030.084092,,0.99994,[object Object],0.000555879,solana,"2/14/2025, 7:18:04 PM",
Solana,Solana,SOL,,,Buy,5.062959115,,203.21225384,,,,"2/14/2025, 7:18:04 PM",
Solana,Solana,SOL,,,Received,2e-9,,203.21225384,,,,"2/14/2025, 7:15:26 PM",
Solana,Solana,SOL,,,Received,8e-9,,203.21225384,,,,"2/14/2025, 7:15:24 PM",
Solana,Solana,SOL,,,Received,0.00001,,203.23994407,,,,"2/14/2025, 7:10:18 PM",
Solana,Solana,SOL,,,Received,0.00001,,189.42870651,,,,"2/7/2025, 10:03:51 PM",
Solana,Solana,SOL,,,Received,1e-7,,189.42870651,,,,"2/7/2025, 10:00:01 PM",
Solana,Solana,SOL,,,Sent,0.0029232,,189.42870651,[object Object],0.000046915,solana,"2/7/2025, 9:59:57 PM",
Solana,USDC,USDC,,,Sent,2324.438772,,0.999951,,,,"2/7/2025, 9:59:57 PM",
Solana,Solana,SOL,,,Received,1e-7,,202.54921838,,,,"2/2/2025, 11:24:38 PM",
Solana,Solana,SOL,,,Received,1e-7,,202.54921838,,,,"2/2/2025, 11:24:37 PM",
Solana,Solana,SOL,,,Received,1e-7,,202.54921838,,,,"2/2/2025, 11:24:37 PM",
Solana,Solana,SOL,,,Sent,0.0029232,,202.54921838,[object Object],0.000103901,solana,"2/2/2025, 11:24:33 PM",
Solana,USDC,USDC,,,Sent,2312.244691,,1,,,,"2/2/2025, 11:24:33 PM",
Solana,Solana,SOL,,,Received,0.00001,,202.61477326,,,,"2/2/2025, 10:55:43 PM",
Solana,Solana,SOL,,,Received,1e-7,,226.20145107,,,,"1/27/2025, 8:00:48 PM",
Solana,Solana,SOL,,,Received,1e-7,,226.20145107,,,,"1/27/2025, 8:00:47 PM",
Solana,Solana,SOL,,,Received,0.00001,,226.20145107,,,,"1/27/2025, 7:59:58 PM",
Solana,Solana,SOL,,,Received,0.000001,,255.97949169,,,,"1/22/2025, 6:54:29 PM",
Solana,Solana,SOL,,,Received,2.182521098,,255.97949169,,,,"1/22/2025, 6:52:15 PM",
Solana,Solana,SOL,,,Received,0.00001,,259.1837472,,,,"1/22/2025, 6:04:46 PM",
Solana,Solana,SOL,,,Received,0.01,,255.58587812,,,,"1/22/2025, 3:38:47 PM",
Solana,Solana,SOL,,,Received,0.05,,175.72873841,,,,"1/13/2025, 12:52:32 PM",
Solana,Solana,SOL,,,Received,1e-7,,175.72873841,,,,"1/13/2025, 12:45:09 PM",
Solana,Tether,USDT,,,Sell,1219.699697,,0.99940008,[object Object],0.001083138,solana,"1/13/2025, 12:45:05 PM",
Solana,USDC,USDC,,,Buy,1218.034294,,0.9999,,,,"1/13/2025, 12:45:05 PM",
Solana,Solana,SOL,,,Received,0.00001,,175.68827675,,,,"1/13/2025, 12:43:35 PM",
Solana,Solana,SOL,,,Received,1e-7,,216.97289552,,,,"1/3/2025, 7:42:10 PM",
Solana,Solana,SOL,,,Sent,0.00299976,,216.97289552,[object Object],0.000005001,solana,"1/3/2025, 7:42:08 PM",
Solana,USDC,USDC,,,Sent,1273.496381,,0.999689,,,,"1/3/2025, 7:42:08 PM",
Solana,Solana,SOL,,,Received,0.00001,,218.29137012,,,,"1/3/2025, 6:49:09 PM",
Solana,Solana,SOL,,,Received,1e-7,,186.6099749,,,,"12/27/2024, 7:32:51 PM",
Solana,Solana,SOL,,,Received,1e-7,,186.6099749,,,,"12/27/2024, 7:32:51 PM",
Solana,Solana,SOL,,,Received,1e-7,,186.6099749,,,,"12/27/2024, 7:32:51 PM",
Solana,Solana,SOL,,,Sent,0.00299976,,186.6099749,[object Object],0.000005001,solana,"12/27/2024, 7:32:44 PM",
Solana,USDC,USDC,,,Sent,2321.413891,,1,,,,"12/27/2024, 7:32:44 PM",
Solana,Solana,SOL,,,Received,0.00001,,186.82310555,,,,"12/27/2024, 7:12:57 PM",
Solana,Solana,SOL,,,Received,1e-9,,186.01448832,,,,"12/21/2024, 1:54:58 PM",
Solana,Solana,SOL,,,Received,0.00001,,192.83986538,,,,"12/20/2024, 7:39:29 PM",
Solana,Solana,SOL,,,Fee,0.000184617,,192.83986538,,,,"12/20/2024, 7:36:52 PM",
Solana,Solana,SOL,,,Received,20.647864626,,192.83986538,,,,"12/20/2024, 7:36:52 PM",
Solana,Solana,SOL,,,Fee,0.000063689,,192.83986538,,,,"12/20/2024, 7:36:42 PM",
Solana,Solana,SOL,,,Received,45.960835463,,192.83986538,,,,"12/20/2024, 7:36:42 PM",
Solana,Solana,SOL,,,Fee,0.000111498,,192.83986538,,,,"12/20/2024, 7:36:25 PM",
Solana,Solana,SOL,,,Received,53.172446854,,192.83986538,,,,"12/20/2024, 7:36:25 PM",
Solana,Solana,SOL,,,Received,0.00001,,192.83986538,,,,"12/20/2024, 7:36:10 PM",
Solana,Solana,SOL,,,Sent,0.00203928,,192.83986538,[object Object],0.000015,solana,"12/20/2024, 7:35:58 PM",
Solana,Jupiter Perpetuals Liquidity Provider Token,JLP,,,Sent,1437.823283,,4.22,,,,"12/20/2024, 7:35:58 PM",
Solana,USDC,USDC,,,Sent,4.206417,,1.001,[object Object],0.000015,solana,"12/20/2024, 7:35:39 PM",
Solana,Solana,SOL,,,Sent,193.984139719,,192.83986538,[object Object],0.000015,solana,"12/20/2024, 7:35:14 PM",
Solana,Solana,SOL,,,Received,0.00001,,192.22635543,,,,"12/20/2024, 7:33:25 PM",
Solana,Solana,SOL,,,Received,2e-9,,192.22635543,,,,"12/20/2024, 7:33:21 PM",
Solana,USDC,USDC,,,Sent,4.206417,,1.001,[object Object],0.000015,solana,"12/20/2024, 7:31:27 PM",
Solana,Tether,USDT,,,Sell,969.73485,,1.0003994,[object Object],0.001284985,solana,"12/20/2024, 7:29:49 PM",
Solana,Solana,SOL,,,Buy,5.038108457,,192.55682373236576,,,,"12/20/2024, 7:29:49 PM",
Solana,Solana,SOL,,,Fee,0.000217651,,192.22635543,,,,"12/20/2024, 7:28:39 PM",
Solana,Solana,SOL,,,Received,5.874401372,,192.22635543,,,,"12/20/2024, 7:28:39 PM",
Solana,USDC,USDC,,,Received,4.206417,,1.001,,,,"12/20/2024, 7:28:39 PM",
Solana,Raydium,RAY,,,Received,0.00058,,4.7,,,,"12/20/2024, 7:28:39 PM",
Solana,Solana,SOL,,,Fee,0.000217651,,192.22635543,,,,"12/20/2024, 7:28:29 PM",
Solana,Solana,SOL,,,Received,21.346163979,,192.22635543,,,,"12/20/2024, 7:28:29 PM",
Solana,Solana,SOL,,,Received,1e-7,,192.22635543,,,,"12/20/2024, 7:27:59 PM",
Solana,Solana,SOL,,,Fee,0.000217651,,192.22635543,,,,"12/20/2024, 7:27:53 PM",
Solana,Solana,SOL,,,Received,15.846361373,,192.22635543,,,,"12/20/2024, 7:27:53 PM",
Solana,Solana,SOL,,,Fee,0.000217651,,192.22635543,,,,"12/20/2024, 7:27:03 PM",
Solana,Solana,SOL,,,Received,28.941549182,,192.22635543,,,,"12/20/2024, 7:27:03 PM",
Solana,Solana,SOL,,,Fee,0.000217651,,192.22635543,,,,"12/20/2024, 7:26:34 PM",
Solana,Solana,SOL,,,Received,25.381514974,,192.22635543,,,,"12/20/2024, 7:26:34 PM",
Solana,Solana,SOL,,,Fee,0.000217651,,192.22635543,,,,"12/20/2024, 7:26:10 PM",
Solana,Solana,SOL,,,Received,10.472845053,,192.22635543,,,,"12/20/2024, 7:26:10 PM",
Solana,Wrapped BTC (Wormhole),WBTC,,,Sell,0.00011686,,96833.31025158308,[object Object],0.000338869,solana,"12/20/2024, 6:44:17 PM",
Solana,USDC,USDC,,,Buy,11.304636,,1.001,,,,"12/20/2024, 6:44:17 PM",
Solana,Tether,USDT,,,Sell,104.676762,,1.0003994,[object Object],0.000338869,solana,"12/20/2024, 6:43:53 PM",
Solana,USDC,USDC,,,Buy,104.628674,,1.001,,,,"12/20/2024, 6:43:53 PM",
Solana,Solana,SOL,,,Sell,2,,189.77709238,[object Object],0.000338869,solana,"12/20/2024, 6:43:36 PM",
Solana,USDC,USDC,,,Buy,379.547433,,1.001,,,,"12/20/2024, 6:43:36 PM",
Solana,Solana,SOL,,,Received,0.491688705,,190.42704023,[object Object],0.000260144,solana,"12/20/2024, 6:32:28 PM",
Solana,USDC,USDC,,,Received,107.345209,,1.001,,,,"12/20/2024, 6:32:28 PM",
Solana,Wrapped SOL,SOL,,,Sent,0.929135153,,194.1,[object Object],0.000005,solana,"12/20/2024, 6:27:40 PM",
Solana,Solana,SOL,,,Received,1.243992141,,190.42704023,,,,"12/20/2024, 6:27:40 PM",
Solana,USDC,USDC,,,Received,67.26794,,1.001,,,,"12/20/2024, 6:27:40 PM",
Solana,Raydium,RAY,,,Received,1.490847,,4.7,,,,"12/20/2024, 6:27:40 PM",
Solana,Solana,SOL,,,Received,1e-7,,190.42704023,,,,"12/20/2024, 6:27:29 PM",
Solana,Wrapped SOL,SOL,,,Received,0.393033639,,194.1,[object Object],0.000338869,solana,"12/20/2024, 6:27:26 PM",
Solana,USDC,USDC,,,Received,85.873096,,1.001,,,,"12/20/2024, 6:27:26 PM",
Solana,Raydium,RAY,,,Received,0.500523,,4.7,,,,"12/20/2024, 6:27:26 PM",
Solana,Wrapped SOL,SOL,,,Received,0.262381042,,194.1,[object Object],0.000338869,solana,"12/20/2024, 6:27:22 PM",
Solana,Tether,USDT,,,Received,46.68828,,1.0003994,,,,"12/20/2024, 6:27:22 PM",
Solana,Raydium,RAY,,,Received,0.448271,,4.7,,,,"12/20/2024, 6:27:22 PM",
Solana,USDC,USDC,,,Received,10.967245,,1.001,,,,"12/20/2024, 6:27:22 PM",
Solana,Solana,SOL,,,Sent,0.00203928,,190.42704023,[object Object],0.000338869,solana,"12/20/2024, 6:27:19 PM",
Solana,Wrapped SOL,SOL,,,Received,0.273720472,,194.1,,,,"12/20/2024, 6:27:19 PM",
Solana,Tether,USDT,,,Received,57.988482,,1.0003994,,,,"12/20/2024, 6:27:19 PM",
Solana,Raydium,RAY,,,Received,0.497345,,4.7,,,,"12/20/2024, 6:27:19 PM",
Solana,Solana,SOL,,,Received,1e-9,,221.18884127,,,,"12/15/2024, 7:02:17 PM",
Solana,Solana,SOL,,,Received,1e-9,,218.62044725,,,,"12/15/2024, 12:14:45 PM",
Solana,Solana,SOL,,,Received,1e-9,,220.00170366,,,,"12/15/2024, 12:03:51 AM",
Solana,Solana,SOL,,,Received,0.00001,,217.75671108,,,,"12/14/2024, 6:57:30 PM",
Solana,Solana,SOL,,,Received,2e-9,,217.75671108,,,,"12/14/2024, 6:57:26 PM",
Solana,Solana,SOL,,,Received,0.00001,,218.04235672,,,,"12/14/2024, 6:53:55 PM",
Solana,USDC,USDC,,,Sent,1380.787131,,0.999851,[object Object],0.000055476,solana,"12/14/2024, 6:53:50 PM",
Solana,Raydium,RAY,,,Sell,4.401636,,5.24761881015377,[object Object],0.003005001,solana,"12/14/2024, 6:51:46 PM",
Solana,USDC,USDC,,,Buy,23.10155,,0.999851,,,,"12/14/2024, 6:51:46 PM",
Solana,Solana,SOL,,,Sell,3,,218.04235672,[object Object],0.003005001,solana,"12/14/2024, 6:51:23 PM",
Solana,USDC,USDC,,,Buy,652.765368,,0.999851,,,,"12/14/2024, 6:51:23 PM",
Solana,Wrapped BTC (Wormhole),WBTC,,,Sell,0.00064789,,100499.61067927578,[object Object],0.003005001,solana,"12/14/2024, 6:51:02 PM",
Solana,USDC,USDC,,,Buy,65.122396,,0.999851,,,,"12/14/2024, 6:51:02 PM",
Solana,Tether,USDT,,,Sell,157.8555,,1.00005297,[object Object],0.003005001,solana,"12/14/2024, 6:50:47 PM",
Solana,USDC,USDC,,,Buy,157.843138,,0.999851,,,,"12/14/2024, 6:50:47 PM",
Solana,Solana,SOL,,,Received,0.66735222,,218.30021586,[object Object],0.000042363,solana,"12/14/2024, 6:43:57 PM",
Solana,USDC,USDC,,,Received,146.927465,,0.999851,,,,"12/14/2024, 6:43:57 PM",
Solana,Solana,SOL,,,Received,0.559717895,,218.30021586,[object Object],0.000052734,solana,"12/14/2024, 6:43:57 PM",
Solana,Wrapped BTC (Wormhole),WBTC,,,Received,0.00064789,,101032,,,,"12/14/2024, 6:43:57 PM",
Solana,USDC,USDC,,,Received,57.731743,,0.999851,,,,"12/14/2024, 6:43:57 PM",
Solana,Wrapped SOL,SOL,,,Sent,1.326632521,,219.52,[object Object],0.003005,solana,"12/14/2024, 6:43:53 PM",
Solana,Solana,SOL,,,Received,1.749085294,,218.30021586,,,,"12/14/2024, 6:43:53 PM",
Solana,USDC,USDC,,,Received,92.248191,,0.999851,,,,"12/14/2024, 6:43:53 PM",
Solana,Raydium,RAY,,,Received,2.193815,,5.33,,,,"12/14/2024, 6:43:53 PM",
Solana,Wrapped SOL,SOL,,,Received,0.374136503,,219.52,[object Object],0.003005,solana,"12/14/2024, 6:43:51 PM",
Solana,USDC,USDC,,,Received,82.862177,,0.999851,,,,"12/14/2024, 6:43:51 PM",
Solana,Raydium,RAY,,,Received,0.477642,,5.33,,,,"12/14/2024, 6:43:51 PM",
Solana,Wrapped SOL,SOL,,,Received,0.779582875,,219.52,[object Object],0.003005,solana,"12/14/2024, 6:43:51 PM",
Solana,Tether,USDT,,,Received,119.52382,,1.00005297,,,,"12/14/2024, 6:43:51 PM",
Solana,Raydium,RAY,,,Received,1.365563,,5.33,,,,"12/14/2024, 6:43:51 PM",
Solana,USDC,USDC,,,Received,52.329124,,0.999851,,,,"12/14/2024, 6:43:51 PM",
Solana,Solana,SOL,,,Sent,0.00203928,,218.30021586,[object Object],0.003005,solana,"12/14/2024, 6:43:49 PM",
Solana,Wrapped SOL,SOL,,,Received,0.172913143,,219.52,,,,"12/14/2024, 6:43:49 PM",
Solana,Tether,USDT,,,Received,38.33168,,1.00005297,,,,"12/14/2024, 6:43:49 PM",
Solana,Raydium,RAY,,,Received,0.364616,,5.33,,,,"12/14/2024, 6:43:49 PM",
Solana,Solana,SOL,,,Sell,0.156815618,,218.30021586,[object Object],0.003005001,solana,"12/14/2024, 6:43:28 PM",
Solana,USDC,USDC,,,Buy,34.249984,,0.999851,,,,"12/14/2024, 6:43:28 PM",
Solana,Solana,SOL,,,Sent,4.203074983,,218.30021586,[object Object],0.003005,solana,"12/14/2024, 6:42:51 PM",
Solana,USDC,USDC,,,Sent,226.735674,,0.999851,,,,"12/14/2024, 6:42:51 PM",
Solana,Solana,SOL,,,Received,1e-7,,218.30021586,,,,"12/14/2024, 6:42:07 PM",
Solana,Solana,SOL,,,Received,1e-7,,218.30021586,,,,"12/14/2024, 6:42:06 PM",
Solana,Solana,SOL,,,Received,1e-7,,218.30021586,,,,"12/14/2024, 6:42:06 PM",
Solana,USDC,USDC,,,Sell,972,,0.999851,[object Object],0.003005001,solana,"12/14/2024, 6:42:00 PM",
Solana,Solana,SOL,,,Buy,4.451262747,,218.30021586,,,,"12/14/2024, 6:42:00 PM",
Solana,Raydium,RAY,,,Sell,3.316737,,4.76698321784332,[object Object],0.003005001,solana,"12/9/2024, 11:04:37 AM",
Solana,USDC,USDC,,,Buy,15.763539,,1.003,,,,"12/9/2024, 11:04:37 AM",
Solana,Wrapped BTC (Wormhole),WBTC,,,Sell,0.00043192,,98557.46630857565,[object Object],0.003005001,solana,"12/9/2024, 11:04:25 AM",
Solana,USDC,USDC,,,Buy,42.441616,,1.003,,,,"12/9/2024, 11:04:25 AM",
Solana,Tether,USDT,,,Sell,117.912899,,1.0049036,[object Object],0.003005001,solana,"12/9/2024, 11:04:17 AM",
Solana,USDC,USDC,,,Buy,117.89316,,1.003,,,,"12/9/2024, 11:04:17 AM",
Solana,Solana,SOL,,,Sell,2.25,,228.07248982,[object Object],0.003005001,solana,"12/9/2024, 11:04:05 AM",
Solana,USDC,USDC,,,Buy,511.345245,,1.003,,,,"12/9/2024, 11:04:05 AM",
Solana,Solana,SOL,,,Received,0.288650914,,228.07248982,[object Object],0.000014501,solana,"12/9/2024, 11:03:21 AM",
Solana,USDC,USDC,,,Received,67.215016,,1.003,,,,"12/9/2024, 11:03:21 AM",
Solana,Solana,SOL,,,Received,0.521711262,,228.07248982,[object Object],0.000020036,solana,"12/9/2024, 11:03:21 AM",
Solana,Wrapped BTC (Wormhole),WBTC,,,Received,0.00043192,,100831,,,,"12/9/2024, 11:03:21 AM",
Solana,USDC,USDC,,,Received,78.707559,,1.003,,,,"12/9/2024, 11:03:21 AM",
Solana,Wrapped SOL,SOL,,,Sent,1.240012674,,237.57,[object Object],0.000005,solana,"12/9/2024, 11:02:53 AM",
Solana,Solana,SOL,,,Received,1.379872805,,228.07248982,,,,"12/9/2024, 11:02:53 AM",
Solana,USDC,USDC,,,Received,32.335172,,1.003,,,,"12/9/2024, 11:02:53 AM",
Solana,Raydium,RAY,,,Received,1.158067,,4.99,,,,"12/9/2024, 11:02:53 AM",
Solana,Wrapped SOL,SOL,,,Received,0.643447781,,237.57,[object Object],0.003005,solana,"12/9/2024, 11:02:44 AM",
Solana,USDC,USDC,,,Received,150.082642,,1.003,,,,"12/9/2024, 11:02:44 AM",
Solana,Raydium,RAY,,,Received,0.944372,,4.99,,,,"12/9/2024, 11:02:44 AM",
Solana,Wrapped SOL,SOL,,,Received,0.289724644,,237.57,[object Object],0.003005,solana,"12/9/2024, 11:02:43 AM",
Solana,Tether,USDT,,,Received,46.374187,,1.0049036,,,,"12/9/2024, 11:02:43 AM",
Solana,Raydium,RAY,,,Received,0.593393,,4.99,,,,"12/9/2024, 11:02:43 AM",
Solana,USDC,USDC,,,Received,21.348974,,1.003,,,,"12/9/2024, 11:02:43 AM",
Solana,Solana,SOL,,,Sent,0.00203928,,228.07248982,[object Object],0.003005,solana,"12/9/2024, 11:02:41 AM",
Solana,Wrapped SOL,SOL,,,Received,0.306840249,,237.57,,,,"12/9/2024, 11:02:41 AM",
Solana,Tether,USDT,,,Received,71.538712,,1.0049036,,,,"12/9/2024, 11:02:41 AM",
Solana,Raydium,RAY,,,Received,0.620905,,4.99,,,,"12/9/2024, 11:02:41 AM",
Solana,Solana,SOL,,,Sell,0.2,,228.07248982,[object Object],0.003005001,solana,"12/9/2024, 11:01:27 AM",
Solana,USDC,USDC,,,Buy,45.560112,,1.003,,,,"12/9/2024, 11:01:27 AM",
Solana,Tether,USDT,,,Sell,37.463655,,1.0049036,[object Object],0.003005001,solana,"12/9/2024, 11:01:05 AM",
Solana,USDC,USDC,,,Buy,37.457336,,1.003,,,,"12/9/2024, 11:01:05 AM",
Solana,Solana,SOL,,,Received,1e-7,,228.07248982,,,,"12/9/2024, 11:00:49 AM",
Solana,Solana,SOL,,,Received,1e-7,,228.07248982,,,,"12/9/2024, 11:00:49 AM",
Solana,Wrapped BTC (Wormhole),WBTC,,,Sell,0.00095758,,98658.98608366925,[object Object],0.003005001,solana,"12/9/2024, 11:00:45 AM",
Solana,USDC,USDC,,,Buy,94.191298,,1.003,,,,"12/9/2024, 11:00:45 AM",
Solana,Solana,SOL,,,Sent,9.267036381,,234.56500679,[object Object],0.000011,solana,"12/6/2024, 12:03:18 PM",
Solana,Wrapped BTC (Wormhole),WBTC,,,Sent,0.03816775,,96970,,,,"12/6/2024, 12:03:18 PM",
Solana,Wrapped BTC (Wormhole),WBTC,,,Sell,0.01503578,,97849.90916940282,[object Object],0.000011,solana,"12/6/2024, 12:03:09 PM",
Solana,Solana,SOL,,,Buy,6.272247201,,234.56500679,,,,"12/6/2024, 12:03:09 PM",
Solana,USDC,USDC,,,Sell,5272.655402,,1,[object Object],0.003005001,solana,"12/6/2024, 12:00:24 PM",
Solana,Wrapped BTC (Wormhole),WBTC,,,Buy,0.05378764,,98027.26801175885,,,,"12/6/2024, 12:00:24 PM",
Solana,Solana,SOL,,,Sent,9.147608618,,234.56500679,[object Object],0.00301,solana,"12/6/2024, 11:59:06 AM",
Solana,USDC,USDC,,,Sent,2637.447717,,1,,,,"12/6/2024, 11:59:06 AM",
Solana,USDC,USDC,,,Sell,2141.741941,,1,[object Object],0.003005001,solana,"12/6/2024, 11:58:42 AM",
Solana,Solana,SOL,,,Buy,9.135999338,,234.56500679,,,,"12/6/2024, 11:58:42 AM",
Solana,Solana,SOL,,,Sent,9.87743725,,234.56500679,[object Object],0.000745714,solana,"12/6/2024, 11:57:21 AM",
Solana,USDC,USDC,,,Sent,2500,,1,,,,"12/6/2024, 11:57:21 AM",
Solana,USDC,USDC,,,Sell,2600,,1,[object Object],0.000740715,solana,"12/6/2024, 11:56:42 AM",
Solana,Solana,SOL,,,Buy,11.101798849,,234.56500679,,,,"12/6/2024, 11:56:42 AM",
Solana,Solana,SOL,,,Sent,9.717032416,,234.56500679,[object Object],0.00301,solana,"12/6/2024, 11:55:31 AM",
Solana,Tether,USDT,,,Sent,2460.113317,,1.0025015,,,,"12/6/2024, 11:55:31 AM",
Solana,USDC,USDC,,,Sell,2700,,1,[object Object],0.003005001,solana,"12/6/2024, 11:54:13 AM",
Solana,Solana,SOL,,,Buy,11.531740898,,234.06157022,,,,"12/6/2024, 11:54:13 AM",
Solana,USDC,USDC,,,Sell,2500,,1,[object Object],0.003005001,solana,"12/6/2024, 11:54:02 AM",
Solana,Tether,USDT,,,Buy,2497.576972,,1.0025015,,,,"12/6/2024, 11:54:02 AM",
Solana,Solana,SOL,,,Sent,12.066746506,,234.06157022,[object Object],0.000011,solana,"12/6/2024, 11:52:11 AM",
Solana,USDC,USDC,,,Sent,2498.122412,,1,,,,"12/6/2024, 11:52:11 AM",
Solana,USDC,USDC,,,Sell,2822.224815,,1,[object Object],0.000132123,solana,"12/6/2024, 11:52:01 AM",
Solana,Solana,SOL,,,Buy,12.052293777,,234.06157022,,,,"12/6/2024, 11:52:01 AM",
Solana,Solana,SOL,,,Sent,12.228533247,,234.06157022,[object Object],0.000011811,solana,"12/6/2024, 11:51:21 AM",
Solana,USDC,USDC,,,Sent,2500.504861,,1,,,,"12/6/2024, 11:51:21 AM",
Solana,USDC,USDC,,,Sell,2556.472442,,1,[object Object],0.000011086,solana,"12/6/2024, 11:51:12 AM",
Solana,Solana,SOL,,,Buy,10.920954226,,234.06157022,,,,"12/6/2024, 11:51:12 AM",
Solana,USDC,USDC,,,Received,29729.16959,,1,[object Object],0.000005001,solana,"12/5/2024, 8:58:06 PM",
Solana,Solana,SOL,,,Received,1e-7,,230.71873221,,,,"12/5/2024, 8:15:44 PM",
Solana,Solana,SOL,,,Received,1e-7,,230.71873221,,,,"12/5/2024, 8:15:44 PM",
Solana,USDC,USDC,,,Received,1000,,1,[object Object],0.000005001,solana,"12/5/2024, 8:15:38 PM",
Solana,Solana,SOL,,,Received,1e-9,,225.23378774,,,,"12/3/2024, 12:06:45 PM",
Solana,Solana,SOL,,,Received,1e-9,,226.08330837,,,,"12/3/2024, 12:02:24 AM",
Solana,Solana,SOL,,,Sent,10.140242604,,221.14043379,[object Object],0.000016,solana,"12/2/2024, 7:23:07 PM",
Solana,Wrapped BTC (Wormhole),WBTC,,,Sent,0.02148684,,95665,,,,"12/2/2024, 7:23:07 PM",
Solana,Solana,SOL,,,Sell,9.407293933,,221.14043379,[object Object],0.000011,solana,"12/2/2024, 7:22:53 PM",
Solana,Wrapped BTC (Wormhole),WBTC,,,Buy,0.02186031,,95164.84721093411,,,,"12/2/2024, 7:22:53 PM",
Solana,Solana,SOL,,,Fee,0.000011,,221.14043379,,,,"12/2/2024, 7:21:03 PM",
Solana,Solana,SOL,,,Received,21.135621668,,221.14043379,,,,"12/2/2024, 7:21:03 PM",
Solana,Solana,SOL,,,Received,0.00001,,221.14043379,,,,"12/2/2024, 7:16:08 PM",
Solana,Solana,SOL,,,Received,2e-9,,221.14043379,,,,"12/2/2024, 7:16:04 PM",
Solana,Solana,SOL,,,Received,0.00001,,222.75671385,,,,"12/2/2024, 7:13:34 PM",
Solana,USDC,USDC,,,Sent,362.61102,,1.001,[object Object],0.000015,solana,"12/2/2024, 7:13:29 PM",
Solana,Solana,SOL,,,Sell,0.2,,223.83878371,[object Object],0.003005001,solana,"12/2/2024, 6:47:14 PM",
Solana,USDC,USDC,,,Buy,44.676189,,1.001,,,,"12/2/2024, 6:47:14 PM",
Solana,Wrapped BTC (Wormhole),WBTC,,,Sell,0.00009409,,95729.7716654267,[object Object],0.003005001,solana,"12/2/2024, 6:46:54 PM",
Solana,USDC,USDC,,,Buy,8.998216,,1.001,,,,"12/2/2024, 6:46:54 PM",
Solana,Solana,SOL,,,Received,0.040322533,,223.83878371,[object Object],0.000011,solana,"12/2/2024, 6:46:36 PM",
Solana,Wrapped BTC (Wormhole),WBTC,,,Received,0.00009409,,95665,,,,"12/2/2024, 6:46:36 PM",
Solana,Solana,SOL,,,Received,0.164934185,,223.83878371,[object Object],0.000053426,solana,"12/2/2024, 6:46:36 PM",
Solana,USDC,USDC,,,Received,37.834003,,1.001,,,,"12/2/2024, 6:46:36 PM",
Solana,Raydium,RAY,,,Sell,1.631722,,4.952617677521047,[object Object],0.003005001,solana,"12/2/2024, 6:45:55 PM",
Solana,USDC,USDC,,,Buy,8.073222,,1.001,,,,"12/2/2024, 6:45:55 PM",
Solana,Solana,SOL,,,Sell,0.6,,223.83878371,[object Object],0.003005001,solana,"12/2/2024, 6:45:46 PM",
Solana,USDC,USDC,,,Buy,134.325314,,1.001,,,,"12/2/2024, 6:45:46 PM",
Solana,Tether,USDT,,,Sell,46.972348,,1.0001,[object Object],0.003005001,solana,"12/2/2024, 6:45:21 PM",
Solana,USDC,USDC,,,Buy,46.991045,,1.001,,,,"12/2/2024, 6:45:21 PM",
Solana,Solana,SOL,,,Received,1e-7,,223.98431905,,,,"12/2/2024, 6:44:51 PM",
Solana,Solana,SOL,,,Received,1e-7,,223.98431905,,,,"12/2/2024, 6:44:51 PM",
Solana,Solana,SOL,,,Received,1e-7,,223.98431905,,,,"12/2/2024, 6:44:47 PM",
Solana,Solana,SOL,,,Received,1e-7,,223.98431905,,,,"12/2/2024, 6:44:47 PM",
Solana,Wrapped SOL,SOL,,,Sent,0.430592025,,225.66,[object Object],0.003005,solana,"12/2/2024, 6:44:47 PM",
Solana,Solana,SOL,,,Received,0.554470043,,223.98431905,,,,"12/2/2024, 6:44:47 PM",
Solana,Tether,USDT,,,Received,25.750907,,1.0001,,,,"12/2/2024, 6:44:47 PM",
Solana,Raydium,RAY,,,Received,0.524072,,4.94,,,,"12/2/2024, 6:44:47 PM",
Solana,USDC,USDC,,,Received,2.626672,,1.001,,,,"12/2/2024, 6:44:47 PM",
Solana,Wrapped SOL,SOL,,,Received,0.23985652,,225.66,[object Object],0.003005,solana,"12/2/2024, 6:44:45 PM",
Solana,USDC,USDC,,,Received,34.656173,,1.001,,,,"12/2/2024, 6:44:45 PM",
Solana,Raydium,RAY,,,Received,0.605345,,4.94,,,,"12/2/2024, 6:44:45 PM",
Solana,Tether,USDT,,,Received,21.221441,,1.0001,,,,"12/2/2024, 6:44:45 PM",
Solana,Solana,SOL,,,Sent,0.00203928,,223.98431905,[object Object],0.000005,solana,"12/2/2024, 6:44:44 PM",
Solana,Wrapped SOL,SOL,,,Received,0.190735505,,225.66,,,,"12/2/2024, 6:44:44 PM",
Solana,USDC,USDC,,,Received,44.430184,,1.001,,,,"12/2/2024, 6:44:44 PM",
Solana,Raydium,RAY,,,Received,0.502305,,4.94,,,,"12/2/2024, 6:44:44 PM",
Solana,Solana,SOL,,,Received,0.00001,,236.88269736,,,,"11/28/2024, 2:01:27 PM",
Solana,USDC,USDC,,,Sent,199.515456,,0.999924,[object Object],0.000015,solana,"11/28/2024, 2:01:19 PM",
Solana,Wrapped BTC (Wormhole),WBTC,,,Sell,0.0002915,,95513.67008344426,[object Object],0.003005001,solana,"11/28/2024, 2:00:59 PM",
Solana,USDC,USDC,,,Buy,27.844351,,0.999924,,,,"11/28/2024, 2:00:59 PM",
Solana,Solana,SOL,,,Sell,0.389852843,,236.88269736,[object Object],0.003005001,solana,"11/28/2024, 2:00:47 PM",
Solana,USDC,USDC,,,Buy,92.245008,,0.999924,,,,"11/28/2024, 2:00:47 PM",
Solana,Solana,SOL,,,Received,0.117042667,,236.88269736,[object Object],0.000011,solana,"11/28/2024, 1:59:58 PM",
Solana,Wrapped BTC (Wormhole),WBTC,,,Received,0.0002915,,95608,,,,"11/28/2024, 1:59:58 PM",
Solana,Solana,SOL,,,Received,0.333949956,,236.88269736,[object Object],0.000054497,solana,"11/28/2024, 1:59:58 PM",
Solana,USDC,USDC,,,Received,79.426097,,0.999924,,,,"11/28/2024, 1:59:58 PM",
Solana,Solana,SOL,,,Received,0.00001,,236.88269736,,,,"11/28/2024, 1:59:35 PM",
Solana,Solana,SOL,,,Sent,0.00203928,,236.88269736,[object Object],0.000015,solana,"11/28/2024, 1:59:30 PM",
Solana,USDC,USDC,,,Sent,710.207528,,0.999924,,,,"11/28/2024, 1:59:30 PM",
Solana,Solana,SOL,,,Sent,0.05,,236.88269736,[object Object],0.000015,solana,"11/28/2024, 1:58:59 PM",
Solana,Raydium,RAY,,,Sell,2.562943,,5.406937546728117,[object Object],0.003005001,solana,"11/28/2024, 1:57:48 PM",
Solana,USDC,USDC,,,Buy,13.858726,,0.999924,,,,"11/28/2024, 1:57:48 PM",
Solana,Tether,USDT,,,Sell,113.802321,,0.999938,[object Object],0.003005001,solana,"11/28/2024, 1:57:39 PM",
Solana,USDC,USDC,,,Buy,113.833327,,0.999924,,,,"11/28/2024, 1:57:39 PM",
Solana,Solana,SOL,,,Sell,1.737637505,,236.88269736,[object Object],0.003005001,solana,"11/28/2024, 1:57:24 PM",
Solana,USDC,USDC,,,Buy,410.796685,,0.999924,,,,"11/28/2024, 1:57:24 PM",
Solana,Wrapped SOL,SOL,,,Sent,0.713435855,,238.51,[object Object],0.003005,solana,"11/28/2024, 1:52:37 PM",
Solana,Solana,SOL,,,Received,1.013251821,,236.05101369,,,,"11/28/2024, 1:52:37 PM",
Solana,Tether,USDT,,,Received,71.511432,,0.999938,,,,"11/28/2024, 1:52:37 PM",
Solana,Raydium,RAY,,,Received,0.537943,,5.58,,,,"11/28/2024, 1:52:37 PM",
Solana,Wrapped SOL,SOL,,,Received,0.373356974,,238.51,[object Object],0.003005,solana,"11/28/2024, 1:52:30 PM",
Solana,USDC,USDC,,,Received,89.904372,,0.999924,,,,"11/28/2024, 1:52:30 PM",
Solana,Raydium,RAY,,,Received,1.325077,,5.58,,,,"11/28/2024, 1:52:30 PM",
Solana,Solana,SOL,,,Sent,0.00203928,,236.05101369,[object Object],0.003005,solana,"11/28/2024, 1:52:29 PM",
Solana,Wrapped SOL,SOL,,,Received,0.340078881,,238.51,,,,"11/28/2024, 1:52:29 PM",
Solana,USDC,USDC,,,Received,81.814418,,0.999924,,,,"11/28/2024, 1:52:29 PM",
Solana,Raydium,RAY,,,Received,0.625965,,5.58,,,,"11/28/2024, 1:52:29 PM",
Solana,Solana,SOL,,,Sent,10.101827709,,236.05101369,[object Object],0.00301,solana,"11/28/2024, 1:49:44 PM",
Solana,Tether,USDT,,,Sent,2777.101697,,0.999938,,,,"11/28/2024, 1:49:44 PM",
Solana,Solana,SOL,,,Received,1e-7,,236.05101369,,,,"11/28/2024, 1:48:06 PM",
Solana,Solana,SOL,,,Received,1e-7,,236.05101369,,,,"11/28/2024, 1:48:06 PM",
Solana,USDC,USDC,,,Sell,2820.72795,,0.999924,[object Object],0.003005001,solana,"11/28/2024, 1:48:02 PM",
Solana,Tether,USDT,,,Buy,2819.392586,,0.999938,,,,"11/28/2024, 1:48:02 PM",
Solana,Solana,SOL,,,Received,1e-7,,240.09482179,,,,"11/27/2024, 9:56:13 PM",
Solana,Solana,SOL,,,Received,1e-7,,240.09482179,,,,"11/27/2024, 9:56:12 PM",
Solana,Solana,SOL,,,Received,9.739181027,,240.09482179,[object Object],0.000075,solana,"11/27/2024, 9:56:10 PM",
Solana,USDC,USDC,,,Received,2820.72795,,0.999923,,,,"11/27/2024, 9:56:10 PM",
Solana,Tether,USDT,,,Sell,128.566767,,1.001,[object Object],0.000996661,solana,"11/22/2024, 9:39:55 PM",
Solana,Solana,SOL,,,Buy,0.505010544,,254.83692429004014,,,,"11/22/2024, 9:39:55 PM",
Solana,Solana,SOL,,,Sent,0.144840245,,254.68562404,[object Object],0.000996661,solana,"11/22/2024, 9:39:45 PM",
Solana,Tether,USDT,,,Sent,47.74518,,1.001,,,,"11/22/2024, 9:39:45 PM",
Solana,Tether,USDT,,,Sell,176.311946,,1.001,[object Object],0.000996661,solana,"11/22/2024, 9:39:20 PM",
Solana,Solana,SOL,,,Buy,0.692587585,,254.82446086006578,,,,"11/22/2024, 9:39:20 PM",
Solana,Solana,SOL,,,Sent,6.51160928,,254.68562404,[object Object],0.001001661,solana,"11/22/2024, 9:38:39 PM",
Solana,Tether,USDT,,,Sent,2118.545853,,1.001,,,,"11/22/2024, 9:38:39 PM",
Solana,Tether,USDT,,,Sell,1646,,1.001,[object Object],0.000996661,solana,"11/22/2024, 9:36:49 PM",
Solana,Solana,SOL,,,Buy,6.467342565,,254.7639905324854,,,,"11/22/2024, 9:36:49 PM",
Solana,USDC,USDC,,,Sell,2883.314003,,1,[object Object],0.000996661,solana,"11/22/2024, 9:34:48 PM",
Solana,Tether,USDT,,,Buy,2880.10245,,1.001,,,,"11/22/2024, 9:34:48 PM",
Solana,Solana,SOL,,,Fee,0.000511118,,254.87104859,,,,"11/22/2024, 8:52:39 PM",
Solana,Solana,SOL,,,Received,0.05568673,,254.87104859,,,,"11/22/2024, 8:52:39 PM",
Solana,Tether,USDT,,,Received,1237.067296,,1.001,,,,"11/22/2024, 8:52:39 PM",
Solana,Raydium,RAY,,,Received,0.073958,,6.05,,,,"11/22/2024, 8:52:39 PM",
Solana,Solana,SOL,,,Received,1e-7,,254.87104859,,,,"11/22/2024, 8:52:17 PM",
Solana,Solana,SOL,,,Fee,0.000511118,,254.87104859,,,,"11/22/2024, 8:52:13 PM",
Solana,Solana,SOL,,,Received,0.00488592,,254.87104859,,,,"11/22/2024, 8:52:13 PM",
Solana,USDC,USDC,,,Received,2883.314003,,1,,,,"11/22/2024, 8:52:13 PM",
Solana,Solana,SOL,,,Sent,0.0029232,,255.80349296,[object Object],0.000856772,solana,"11/22/2024, 5:33:06 PM",
Solana,USDC,USDC,,,Sent,577.037287,,1,,,,"11/22/2024, 5:33:06 PM",
Solana,Solana,SOL,,,Sell,0.65,,255.80349296,[object Object],0.003005001,solana,"11/22/2024, 5:32:19 PM",
Solana,USDC,USDC,,,Buy,166.281276,,1,,,,"11/22/2024, 5:32:19 PM",
Solana,Wrapped SOL,SOL,,,Sell,0.658820492,,256.5952942980851,[object Object],0.000025,solana,"11/22/2024, 5:31:58 PM",
Solana,Solana,SOL,,,Buy,0.660859772,,255.80349296,,,,"11/22/2024, 5:31:58 PM",
Solana,Raydium,RAY,,,Sell,0.910637,,6.063091001134371,[object Object],0.000908844,solana,"11/22/2024, 5:30:16 PM",
Solana,USDC,USDC,,,Buy,5.521275,,1,,,,"11/22/2024, 5:30:16 PM",
Solana,Solana,SOL,,,Sell,0.64,,255.80349296,[object Object],0.000908844,solana,"11/22/2024, 5:30:04 PM",
Solana,USDC,USDC,,,Buy,163.820066,,1,,,,"11/22/2024, 5:30:04 PM",
Solana,Wrapped BTC (Wormhole),WBTC,,,Sell,0.00028966,,98854.42587861631,[object Object],0.000908844,solana,"11/22/2024, 5:29:25 PM",
Solana,USDC,USDC,,,Buy,28.634173,,1,,,,"11/22/2024, 5:29:25 PM",
Solana,Solana,SOL,,,Sent,0.002784,,255.80349296,[object Object],0.000605,solana,"11/22/2024, 5:27:38 PM",
Solana,USDC,USDC,,,Sent,10,,1,,,,"11/22/2024, 5:27:38 PM",
Solana,Solana,SOL,,,Fee,0.0016565,,255.80349296,,,,"11/22/2024, 5:27:03 PM",
Solana,Solana,SOL,,,Received,0.113011477,,256.05230246,[object Object],0.000011,solana,"11/22/2024, 5:24:34 PM",
Solana,Wrapped BTC (Wormhole),WBTC,,,Received,0.00028966,,98785,,,,"11/22/2024, 5:24:34 PM",
Solana,Solana,SOL,,,Received,0.250318799,,256.05230246,[object Object],0.00006073,solana,"11/22/2024, 5:24:30 PM",
Solana,USDC,USDC,,,Received,62.177354,,1,,,,"11/22/2024, 5:24:30 PM",
Solana,Wrapped SOL,SOL,,,Received,0.552112461,,256.45,[object Object],0.001163795,solana,"11/22/2024, 5:22:44 PM",
Solana,USDC,USDC,,,Received,134.367476,,1,,,,"11/22/2024, 5:22:44 PM",
Solana,Raydium,RAY,,,Received,0.773514,,6.05,,,,"11/22/2024, 5:22:44 PM",
Solana,Solana,SOL,,,Sent,0.00203928,,256.05230246,[object Object],0.001163795,solana,"11/22/2024, 5:22:42 PM",
Solana,Wrapped SOL,SOL,,,Received,0.106708031,,256.45,,,,"11/22/2024, 5:22:42 PM",
Solana,USDC,USDC,,,Received,26.235667,,1,,,,"11/22/2024, 5:22:42 PM",
Solana,Raydium,RAY,,,Received,0.137123,,6.05,,,,"11/22/2024, 5:22:42 PM",
Solana,Raydium,RAY,,,Sell,0.950525,,6.086605873393552,[object Object],0.001163795,solana,"11/22/2024, 5:22:13 PM",
Solana,Solana,SOL,,,Buy,0.02259488,,256.05230246,,,,"11/22/2024, 5:22:13 PM",
Solana,Solana,SOL,,,Received,1e-7,,256.05230246,,,,"11/22/2024, 5:21:58 PM",
Solana,Solana,SOL,,,Received,1e-7,,256.05230246,,,,"11/22/2024, 5:21:58 PM",
Solana,Solana,SOL,,,Received,1e-7,,256.05230246,,,,"11/22/2024, 5:21:58 PM",
Solana,Solana,SOL,,,Received,1e-7,,256.05230246,,,,"11/22/2024, 5:21:58 PM",
Solana,Solana,SOL,,,Received,1e-7,,256.05230246,,,,"11/22/2024, 5:21:58 PM",
Solana,Solana,SOL,,,Received,1e-7,,256.05230246,,,,"11/22/2024, 5:21:55 PM",
Solana,USDC,USDC,,,Sell,10.437932,,1,[object Object],0.001163795,solana,"11/22/2024, 5:21:49 PM",
Solana,Solana,SOL,,,Buy,0.040801509,,256.05230246,,,,"11/22/2024, 5:21:49 PM",
Solana,Solana,SOL,,,Received,1e-9,,235.59370205,,,,"11/21/2024, 12:03:18 AM",
Solana,Solana,SOL,,,Received,1e-9,,236.84466262,,,,"11/20/2024, 12:20:50 PM",
Solana,Solana,SOL,,,Received,1e-7,,235.09500636,,,,"11/20/2024, 1:52:38 AM",
Solana,Solana,SOL,,,Received,1e-7,,235.09500636,,,,"11/20/2024, 1:52:37 AM",
Solana,Solana,SOL,,,Received,1e-7,,235.09500636,,,,"11/20/2024, 1:52:21 AM",
Solana,Solana,SOL,,,Received,1e-7,,235.09500636,,,,"11/20/2024, 1:52:00 AM",
Solana,Solana,SOL,,,Received,1e-7,,235.09500636,,,,"11/20/2024, 1:52:00 AM",
Solana,Solana,SOL,,,Received,1e-7,,235.09500636,,,,"11/20/2024, 1:51:53 AM",
Solana,Solana,SOL,,,Received,1e-7,,235.09500636,,,,"11/20/2024, 1:51:48 AM",
Solana,Wrapped BTC (Wormhole),WBTC,,,Sell,0.04995182,,92280,[object Object],0.004005,solana,"11/20/2024, 1:51:39 AM",
Solana,Jupiter Perpetuals Liquidity Provider Token,JLP,,,Buy,1153.471626,,3.9962439003246017,,,,"11/20/2024, 1:51:39 AM",
Solana,Wrapped BTC (Wormhole),WBTC,,,Received,0.04995182,,92280,,,,"11/20/2024, 12:55:35 AM",
Solana,Solana,SOL,,,Received,1e-7,,235.91471532,,,,"11/20/2024, 12:30:17 AM",
Solana,Solana,SOL,,,Received,1e-7,,235.91471532,,,,"11/20/2024, 12:30:16 AM",
Solana,Wrapped BTC (Wormhole),WBTC,,,Sell,0.00995214,,92280,[object Object],0.000318285,solana,"11/20/2024, 12:30:09 AM",
Solana,Jupiter Perpetuals Liquidity Provider Token,JLP,,,Buy,230.893734,,3.977515817731113,,,,"11/20/2024, 12:30:09 AM",
Solana,Solana,SOL,,,Received,1e-9,,236.75853908,,,,"11/20/2024, 12:17:32 AM",
Solana,Wrapped BTC (Wormhole),WBTC,,,Received,0.00995214,,92280,,,,"11/19/2024, 10:02:45 PM",
Solana,Solana,SOL,,,Received,1e-7,,236.98192657,,,,"11/19/2024, 9:33:31 PM",
Solana,Solana,SOL,,,Received,1e-7,,236.98192657,,,,"11/19/2024, 9:33:31 PM",
Solana,Solana,SOL,,,Sent,0.00203928,,236.98192657,[object Object],0.001543774,solana,"11/19/2024, 9:33:27 PM",
Solana,Wrapped BTC (Wormhole),WBTC,,,Sent,0.00229582,,92280,,,,"11/19/2024, 9:33:27 PM",
Solana,Jupiter Perpetuals Liquidity Provider Token,JLP,,,Received,53.457923,,3.98,,,,"11/19/2024, 9:33:27 PM",
Solana,Solana,SOL,,,Received,1e-9,,246.93850884,,,,"11/19/2024, 12:08:26 PM",
Solana,Solana,SOL,,,Received,1e-9,,240.05009883,,,,"11/19/2024, 12:04:01 AM",
Solana,Solana,SOL,,,Sent,2.1594862,,239.72781662,[object Object],0.000456771,solana,"11/18/2024, 8:27:36 PM",
Solana,USDC,USDC,,,Sent,685.424171,,0.999991,,,,"11/18/2024, 8:27:36 PM",
Solana,USDC,USDC,,,Sell,568,,0.999991,[object Object],0.000451771,solana,"11/18/2024, 8:26:54 PM",
Solana,Solana,SOL,,,Buy,2.364809713,,239.72781662,,,,"11/18/2024, 8:26:54 PM",
Solana,Solana,SOL,,,Sent,3.92392,,239.72781662,[object Object],0.000456771,solana,"11/18/2024, 8:26:25 PM",
Solana,USDC,USDC,,,Sent,1101.913833,,0.999991,,,,"11/18/2024, 8:26:25 PM",
Solana,Tether,USDT,,,Sell,2314.351611,,0.9999067,[object Object],0.000451771,solana,"11/18/2024, 8:25:02 PM",
Solana,USDC,USDC,,,Buy,2316.20397,,0.999991,,,,"11/18/2024, 8:25:02 PM",
Solana,Solana,SOL,,,Sent,10.863049582,,237.84732988,[object Object],0.000456771,solana,"11/18/2024, 8:22:57 PM",
Solana,USDC,USDC,,,Sent,3255.225749,,0.999991,,,,"11/18/2024, 8:22:57 PM",
Solana,USDC,USDC,,,Sell,2316.672208,,0.999991,[object Object],0.000451771,solana,"11/18/2024, 8:21:49 PM",
Solana,Tether,USDT,,,Buy,2314.351611,,0.9999067,,,,"11/18/2024, 8:21:49 PM",
Solana,Ethereum (Wormhole),ETH,,,Sell,0.31583767,,3128.5584581169082,[object Object],0.000451771,solana,"11/18/2024, 8:21:35 PM",
Solana,USDC,USDC,,,Buy,988.125507,,0.999991,,,,"11/18/2024, 8:21:35 PM",
Solana,USDC,USDC,,,Sell,3500,,0.999991,[object Object],0.000451771,solana,"11/18/2024, 8:21:26 PM",
Solana,Solana,SOL,,,Buy,14.697983603,,237.84732988,,,,"11/18/2024, 8:21:26 PM",
Solana,USDC,USDC,,,Sell,1000,,0.999991,[object Object],0.000451771,solana,"11/18/2024, 8:20:38 PM",
Solana,Ethereum (Wormhole),ETH,,,Buy,0.31583767,,3166.154942822368,,,,"11/18/2024, 8:20:38 PM",
Solana,Solana,SOL,,,Sent,10.884634663,,236.37093749,[object Object],0.000016,solana,"11/18/2024, 8:13:38 PM",
Solana,Wrapped BTC (Wormhole),WBTC,,,Sent,0.0255135,,90662,,,,"11/18/2024, 8:13:38 PM",
Solana,Solana,SOL,,,Fee,0.000012024,,236.37093749,,,,"11/18/2024, 8:12:24 PM",
Solana,Solana,SOL,,,Received,2.981708592,,236.37093749,,,,"11/18/2024, 8:12:24 PM",
Solana,Wrapped BTC (Wormhole),WBTC,,,Received,0.00777095,,90662,,,,"11/18/2024, 8:12:24 PM",
Solana,Solana,SOL,,,Fee,0.000014241,,236.37093749,,,,"11/18/2024, 8:12:13 PM",
Solana,Solana,SOL,,,Received,7.679567778,,236.37093749,,,,"11/18/2024, 8:12:13 PM",
Solana,Wrapped BTC (Wormhole),WBTC,,,Received,0.02003837,,90662,,,,"11/18/2024, 8:12:13 PM",
Solana,Solana,SOL,,,Sent,3.012279789,,236.37093749,[object Object],0.000068423,solana,"11/18/2024, 8:11:22 PM",
Solana,USDC,USDC,,,Sent,782.742608,,0.999991,,,,"11/18/2024, 8:11:22 PM",
Solana,Solana,SOL,,,Fee,0.000222359,,236.37093749,,,,"11/18/2024, 8:07:36 PM",
Solana,Solana,SOL,,,Received,3.375963838,,236.37093749,,,,"11/18/2024, 8:07:36 PM",
Solana,USDC,USDC,,,Received,797.35264,,0.999991,,,,"11/18/2024, 8:07:36 PM",
Solana,Solana,SOL,,,Fee,0.000045,,236.37093749,,,,"11/18/2024, 8:05:33 PM",
Solana,Solana,SOL,,,Fee,0.000045,,236.37093749,,,,"11/18/2024, 8:05:28 PM",
Solana,USDC,USDC,,,Sent,5000,,0.999991,[object Object],0.000025,solana,"11/18/2024, 8:05:22 PM",
Solana,Solana,SOL,,,Fee,0.000045,,236.37093749,,,,"11/18/2024, 8:05:21 PM",
Solana,Solana,SOL,,,Sent,0.00203928,,236.37093749,[object Object],0.001890015,solana,"11/18/2024, 8:05:19 PM",
Solana,Solana,SOL,,,Received,1e-7,,236.96400091,,,,"11/18/2024, 8:03:27 PM",
Solana,Solana,SOL,,,Received,1e-7,,236.96400091,,,,"11/18/2024, 8:03:27 PM",
Solana,Solana,SOL,,,Sent,9.610456492,,236.96400091,[object Object],0.000361474,solana,"11/18/2024, 8:02:35 PM",
Solana,USDC,USDC,,,Sent,2476.677012,,0.999991,,,,"11/18/2024, 8:02:35 PM",
Solana,USDC,USDC,,,Sell,2294.825122,,0.999991,[object Object],0.000074028,solana,"11/18/2024, 8:02:24 PM",
Solana,Solana,SOL,,,Buy,9.696516602,,236.96400091,,,,"11/18/2024, 8:02:24 PM",
Solana,Solana,SOL,,,Received,1e-9,,237.30116373,,,,"11/18/2024, 7:45:24 PM",
Solana,Ethereum (Wormhole),ETH,,,Sell,0.99857656,,3132.73934471875,[object Object],0.003005001,solana,"11/18/2024, 6:09:30 PM",
Solana,USDC,USDC,,,Buy,3128.308233,,0.999991,,,,"11/18/2024, 6:09:30 PM",
Solana,Ethereum (Wormhole),ETH,,,Sell,1,,3132.5259110130637,[object Object],0.003005001,solana,"11/18/2024, 6:09:09 PM",
Solana,USDC,USDC,,,Buy,3132.554104,,0.999991,,,,"11/18/2024, 6:09:09 PM",
Solana,Ethereum (Wormhole),ETH,,,Sell,1,,3139.971661000711,[object Object],0.003005001,solana,"11/18/2024, 6:08:57 PM",
Solana,USDC,USDC,,,Buy,3139.999921,,0.999991,,,,"11/18/2024, 6:08:57 PM",
Solana,Ethereum (Wormhole),ETH,,,Sell,1,,3134.3082079722467,[object Object],0.003005001,solana,"11/18/2024, 6:08:48 PM",
Solana,USDC,USDC,,,Buy,3134.336417,,0.999991,,,,"11/18/2024, 6:08:48 PM",
Solana,Ethereum (Wormhole),ETH,,,Sell,1,,3134.720360262843,[object Object],0.003005001,solana,"11/18/2024, 6:08:33 PM",
Solana,USDC,USDC,,,Buy,3134.748573,,0.999991,,,,"11/18/2024, 6:08:33 PM",
Solana,Ethereum (Wormhole),ETH,,,Sell,1,,3133.511875139307,[object Object],0.003005001,solana,"11/18/2024, 6:08:17 PM",
Solana,USDC,USDC,,,Buy,3133.540077,,0.999991,,,,"11/18/2024, 6:08:17 PM",
Solana,Solana,SOL,,,Sent,2.82392,,240.2639271,[object Object],0.00301,solana,"11/18/2024, 6:07:03 PM",
Solana,USDC,USDC,,,Sent,663.036517,,0.999991,,,,"11/18/2024, 6:07:03 PM",
Solana,Ethereum (Wormhole),ETH,,,Received,5.99857656,,3215.68,,,,"11/18/2024, 6:06:14 PM",
Solana,Solana,SOL,,,Sell,2.905189077,,240.2639271,[object Object],0.003005001,solana,"11/18/2024, 6:06:05 PM",
Solana,USDC,USDC,,,Buy,695.66522,,0.999991,,,,"11/18/2024, 6:06:05 PM",
Solana,Solana,SOL,,,Sent,13.232673088,,240.29379506,[object Object],0.00301,solana,"11/18/2024, 6:04:13 PM",
Solana,USDC,USDC,,,Sent,3553.912174,,0.999991,,,,"11/18/2024, 6:04:13 PM",
Solana,USDC,USDC,,,Sell,1325,,0.999991,[object Object],0.003005001,solana,"11/18/2024, 6:03:05 PM",
Solana,Solana,SOL,,,Buy,5.529016127,,240.29379506,,,,"11/18/2024, 6:03:05 PM",
Solana,Solana,SOL,,,Fee,0.003005,,240.29379506,,,,"11/18/2024, 6:02:40 PM",
Solana,Solana,SOL,,,Received,0.111415355,,240.29379506,,,,"11/18/2024, 6:02:40 PM",
Solana,USDC,USDC,,,Received,2683.852089,,0.999991,,,,"11/18/2024, 6:02:40 PM",
Solana,Raydium,RAY,,,Received,0.613718,,5.64,,,,"11/18/2024, 6:02:40 PM",
Solana,USDC,USDC,,,Sell,2249.180575,,0.999991,[object Object],0.003005001,solana,"11/18/2024, 6:02:17 PM",
Solana,Solana,SOL,,,Buy,9.376098012,,240.29379506,,,,"11/18/2024, 6:02:17 PM",
Solana,Solana,SOL,,,Fee,0.00162785,,240.29379506,,,,"11/18/2024, 6:01:14 PM",
Solana,Solana,SOL,,,Received,0.021376271,,240.29379506,,,,"11/18/2024, 6:01:14 PM",
Solana,USDC,USDC,,,Received,1551.830383,,0.999991,,,,"11/18/2024, 6:01:14 PM",
Solana,Raydium,RAY,,,Received,0.137828,,5.64,,,,"11/18/2024, 6:01:14 PM",
Solana,Solana,SOL,,,Fee,0.00162785,,240.29379506,,,,"11/18/2024, 6:00:43 PM",
Solana,Solana,SOL,,,Received,0.029494065,,240.29379506,,,,"11/18/2024, 6:00:43 PM",
Solana,USDC,USDC,,,Received,2479.079455,,0.999991,,,,"11/18/2024, 6:00:43 PM",
Solana,Raydium,RAY,,,Received,0.198979,,5.64,,,,"11/18/2024, 6:00:43 PM",
Solana,Solana,SOL,,,Received,1e-7,,237.90455025,,,,"11/18/2024, 5:47:26 PM",
Solana,Solana,SOL,,,Received,1e-7,,237.90455025,,,,"11/18/2024, 5:47:23 PM",
Solana,Solana,SOL,,,Received,1e-7,,237.90455025,,,,"11/18/2024, 5:47:18 PM",
Solana,Solana,SOL,,,Received,1e-7,,237.90455025,,,,"11/18/2024, 5:47:18 PM",
Solana,Solana,SOL,,,Received,1e-7,,237.90455025,,,,"11/18/2024, 5:47:06 PM",
Solana,Solana,SOL,,,Received,1e-7,,237.90455025,,,,"11/18/2024, 5:47:06 PM",
Solana,Solana,SOL,,,Received,1e-7,,237.90455025,,,,"11/18/2024, 5:47:06 PM",
Solana,Solana,SOL,,,Received,1e-7,,237.90455025,,,,"11/18/2024, 5:47:06 PM",
Solana,Ethereum (Wormhole),ETH,,,Sell,0.29856564,,3128.8848098533754,[object Object],0.001627851,solana,"11/18/2024, 5:46:38 PM",
Solana,Solana,SOL,,,Buy,3.926690325,,237.90455025,,,,"11/18/2024, 5:46:38 PM",
Solana,Ethereum (Wormhole),ETH,,,Received,0.29856564,,3215.68,,,,"11/18/2024, 4:36:34 PM",
Solana,Solana,SOL,,,Sent,0.00599256,,216.93451946,[object Object],0.000025,solana,"11/16/2024, 9:36:45 PM",
Solana,Wrapped BTC (Wormhole),WBTC,,,Sell,0.00004102,,88218.88481204292,[object Object],0.003005001,solana,"11/15/2024, 3:46:01 PM",
Solana,USDC,USDC,,,Buy,3.620165,,0.999606,,,,"11/15/2024, 3:46:01 PM",
Solana,Tether,USDT,,,Sell,36.992031,,0.99989094,[object Object],0.003005001,solana,"11/15/2024, 3:45:43 PM",
Solana,USDC,USDC,,,Buy,36.987509,,0.999606,,,,"11/15/2024, 3:45:43 PM",
Solana,Raydium,RAY,,,Sell,4.044004,,4.618141040921818,[object Object],0.003005001,solana,"11/15/2024, 3:45:35 PM",
Solana,USDC,USDC,,,Buy,18.683142,,0.999606,,,,"11/15/2024, 3:45:35 PM",
Solana,Solana,SOL,,,Sell,1.4,,207.79809829,[object Object],0.003005001,solana,"11/15/2024, 3:44:57 PM",
Solana,USDC,USDC,,,Buy,290.924949,,0.999606,,,,"11/15/2024, 3:44:57 PM",
Solana,Solana,SOL,,,Received,0.00274037,,213.8122801,[object Object],0.000096888,solana,"11/15/2024, 2:18:39 PM",
Solana,Wrapped BTC (Wormhole),WBTC,,,Received,0.00000688,,90469,,,,"11/15/2024, 2:18:39 PM",
Solana,Solana,SOL,,,Received,0.015848381,,213.8122801,[object Object],0.000464242,solana,"11/15/2024, 2:18:38 PM",
Solana,Wrapped BTC (Wormhole),WBTC,,,Received,0.00001774,,90469,,,,"11/15/2024, 2:18:38 PM",
Solana,USDC,USDC,,,Received,1.83901,,0.999606,,,,"11/15/2024, 2:18:38 PM",
Solana,Solana,SOL,,,Received,1e-7,,213.8122801,,,,"11/15/2024, 2:18:07 PM",
Solana,Solana,SOL,,,Received,1e-7,,213.8122801,,,,"11/15/2024, 2:18:01 PM",
Solana,Solana,SOL,,,Received,1e-7,,213.8122801,,,,"11/15/2024, 2:18:00 PM",
Solana,Solana,SOL,,,Received,1e-7,,213.8122801,,,,"11/15/2024, 2:17:59 PM",
Solana,Solana,SOL,,,Received,1e-7,,213.8122801,,,,"11/15/2024, 2:17:43 PM",
Solana,Solana,SOL,,,Received,1e-7,,213.8122801,,,,"11/15/2024, 2:17:40 PM",
Solana,Wrapped SOL,SOL,,,Sent,0.589516106,,219.06,[object Object],0.003005,solana,"11/15/2024, 2:17:27 PM",
Solana,Solana,SOL,,,Received,0.673731535,,213.8122801,,,,"11/15/2024, 2:17:27 PM",
Solana,Tether,USDT,,,Received,17.470458,,0.99989094,,,,"11/15/2024, 2:17:27 PM",
Solana,Raydium,RAY,,,Received,0.0835,,4.83,,,,"11/15/2024, 2:17:27 PM",
Solana,Wrapped SOL,SOL,,,Received,0.332701506,,219.06,[object Object],0.003005,solana,"11/15/2024, 2:17:26 PM",
Solana,USDC,USDC,,,Received,60.753791,,0.999606,,,,"11/15/2024, 2:17:26 PM",
Solana,Raydium,RAY,,,Received,2.11038,,4.83,,,,"11/15/2024, 2:17:26 PM",
Solana,Tether,USDT,,,Received,9.623706,,0.99989094,,,,"11/15/2024, 2:17:26 PM",
Solana,Solana,SOL,,,Sent,0.00203928,,213.8122801,[object Object],0.003005,solana,"11/15/2024, 2:17:23 PM",
Solana,Wrapped SOL,SOL,,,Received,0.2568146,,219.06,,,,"11/15/2024, 2:17:23 PM",
Solana,USDC,USDC,,,Received,54.642746,,0.999606,,,,"11/15/2024, 2:17:23 PM",
Solana,Raydium,RAY,,,Received,0.991597,,4.83,,,,"11/15/2024, 2:17:23 PM",
Solana,Solana,SOL,,,Received,1e-7,,211.90173359,,,,"11/12/2024, 9:07:52 PM",
Solana,Solana,SOL,,,Received,1e-7,,211.90173359,,,,"11/12/2024, 9:07:52 PM",
Solana,Solana,SOL,,,Sent,0.002784,,211.90173359,[object Object],0.000617406,solana,"11/12/2024, 9:07:47 PM",
Solana,USDC,USDC,,,Sent,20.802566,,1.001,,,,"11/12/2024, 9:07:47 PM",
Solana,Solana,SOL,,,Sent,2.470581292,,217.86301227,[object Object],0.00301,solana,"11/11/2024, 10:32:57 PM",
Solana,Tether,USDT,,,Sent,649.959879,,1.00050451,,,,"11/11/2024, 10:32:57 PM",
Solana,Solana,SOL,,,Sent,5.760710377,,217.86301227,[object Object],0.00301,solana,"11/11/2024, 10:31:18 PM",
Solana,USDC,USDC,,,Sent,1366.03514,,0.999325,,,,"11/11/2024, 10:31:18 PM",
Solana,Tether,USDT,,,Sell,659.857746,,1.00050451,[object Object],0.003005001,solana,"11/11/2024, 10:30:45 PM",
Solana,Solana,SOL,,,Buy,3.030992488,,217.81335765271436,,,,"11/11/2024, 10:30:45 PM",
Solana,Solana,SOL,,,Sent,5.02392,,217.86301227,[object Object],0.00301,solana,"11/11/2024, 10:30:11 PM",
Solana,Tether,USDT,,,Sent,1737.234236,,1.00050451,,,,"11/11/2024, 10:30:11 PM",
Solana,Solana,SOL,,,Sent,5.02392,,217.86301227,[object Object],0.00301,solana,"11/11/2024, 10:29:17 PM",
Solana,USDC,USDC,,,Sent,1732.702236,,0.999325,,,,"11/11/2024, 10:29:17 PM",
Solana,USDC,USDC,,,Sell,3119.539942,,0.999325,[object Object],0.003005001,solana,"11/11/2024, 10:27:39 PM",
Solana,Solana,SOL,,,Buy,14.347303814,,217.86301227,,,,"11/11/2024, 10:27:39 PM",
Solana,Solana,SOL,,,Received,1e-7,,217.86301227,,,,"11/11/2024, 10:27:07 PM",
Solana,Solana,SOL,,,Received,1e-7,,217.86301227,,,,"11/11/2024, 10:27:06 PM",
Solana,Solana,SOL,,,Received,1e-7,,217.86301227,,,,"11/11/2024, 10:26:57 PM",
Solana,Solana,SOL,,,Received,1e-7,,217.86301227,,,,"11/11/2024, 10:26:57 PM",
Solana,Solana,SOL,,,Received,1e-7,,217.86301227,,,,"11/11/2024, 10:26:57 PM",
Solana,Solana,SOL,,,Received,1e-7,,217.86301227,,,,"11/11/2024, 10:26:57 PM",
Solana,Solana,SOL,,,Fee,0.003005,,217.86301227,,,,"11/11/2024, 10:26:56 PM",
Solana,Solana,SOL,,,Received,0.164345961,,217.86301227,,,,"11/11/2024, 10:26:56 PM",
Solana,USDC,USDC,,,Received,6219.734429,,0.999325,,,,"11/11/2024, 10:26:56 PM",
Solana,Raydium,RAY,,,Received,0.418755,,5.23,,,,"11/11/2024, 10:26:56 PM",
Solana,Solana,SOL,,,Fee,0.003005,,217.86301227,,,,"11/11/2024, 10:26:48 PM",
Solana,Solana,SOL,,,Received,0.114227965,,217.86301227,,,,"11/11/2024, 10:26:48 PM",
Solana,Tether,USDT,,,Received,2604.989746,,1.00050451,,,,"11/11/2024, 10:26:48 PM",
Solana,Raydium,RAY,,,Received,0.439551,,5.23,,,,"11/11/2024, 10:26:48 PM",
Solana,Solana,SOL,,,Sent,5.804793152,,198.41288026,[object Object],0.00301,solana,"11/8/2024, 9:51:31 PM",
Solana,USDC,USDC,,,Sent,1270.351494,,0.999964,,,,"11/8/2024, 9:51:31 PM",
Solana,Solana,SOL,,,Received,6.688643613,,198.41288026,[object Object],0.003005,solana,"11/8/2024, 9:50:35 PM",
Solana,USDC,USDC,,,Received,1289.696949,,0.999964,,,,"11/8/2024, 9:50:35 PM",
Solana,Raydium,RAY,,,Received,0.000221,,4.96,,,,"11/8/2024, 9:50:35 PM",
Solana,Solana,SOL,,,Sent,22.342085716,,198.41288026,[object Object],0.00301,solana,"11/8/2024, 9:49:28 PM",
Solana,USDC,USDC,,,Sent,4294.433537,,0.999964,,,,"11/8/2024, 9:49:28 PM",
Solana,USDC,USDC,,,Sell,4294.433537,,0.999964,[object Object],0.003005001,solana,"11/8/2024, 9:47:47 PM",
Solana,Solana,SOL,,,Buy,21.640381328,,198.41288026,,,,"11/8/2024, 9:47:47 PM",
Solana,Solana,SOL,,,Sent,7.02392,,198.41288026,[object Object],0.00301,solana,"11/8/2024, 9:46:51 PM",
Solana,Tether,USDT,,,Sent,1189.370346,,1.0008,,,,"11/8/2024, 9:46:51 PM",
Solana,Tether,USDT,,,Sell,1641.330328,,1.0008,[object Object],0.003005001,solana,"11/8/2024, 9:45:40 PM",
Solana,Solana,SOL,,,Buy,8.28058167,,198.37294742392172,,,,"11/8/2024, 9:45:40 PM",
Solana,Solana,SOL,,,Sent,3.747703061,,198.80546295,[object Object],0.00301,solana,"11/8/2024, 9:44:27 PM",
Solana,USDC,USDC,,,Sent,772.726173,,0.999964,,,,"11/8/2024, 9:44:27 PM",
Solana,Solana,SOL,,,Fee,0.003005,,198.80546295,,,,"11/8/2024, 9:43:09 PM",
Solana,Solana,SOL,,,Received,0.00488592,,198.80546295,,,,"11/8/2024, 9:43:09 PM",
Solana,Tether,USDT,,,Received,3282.660656,,1.0008,,,,"11/8/2024, 9:43:09 PM",
Solana,Solana,SOL,,,Fee,0.003005,,198.80546295,,,,"11/8/2024, 9:42:52 PM",
Solana,Solana,SOL,,,Received,0.00488592,,198.80546295,,,,"11/8/2024, 9:42:52 PM",
Solana,USDC,USDC,,,Received,4124.957501,,0.999964,,,,"11/8/2024, 9:42:52 PM",
Solana,Solana,SOL,,,Fee,0.003005,,198.80546295,,,,"11/8/2024, 9:42:32 PM",
Solana,Solana,SOL,,,Received,0.00488592,,198.80546295,,,,"11/8/2024, 9:42:32 PM",
Solana,USDC,USDC,,,Received,5236.635746,,0.999964,,,,"11/8/2024, 9:42:32 PM",
Solana,Solana,SOL,,,Sent,0.00203928,,198.80546295,[object Object],0.001005,solana,"11/8/2024, 9:41:13 PM",
Solana,USDC,USDC,,,Sent,582.608114,,0.999964,,,,"11/8/2024, 9:41:13 PM",
Solana,USDC,USDC,,,Sent,147.445144,,0.999964,[object Object],0.001005,solana,"11/8/2024, 9:40:31 PM",
Solana,Solana,SOL,,,Fee,0.000298438,,198.80546295,,,,"11/8/2024, 9:39:38 PM",
Solana,Solana,SOL,,,Received,3.676297116,,198.80546295,,,,"11/8/2024, 9:39:38 PM",
Solana,USDC,USDC,,,Received,730.053258,,0.999964,,,,"11/8/2024, 9:39:38 PM",
Solana,USDC,USDC,,,Sent,312.091958,,0.999964,[object Object],0.001005,solana,"11/8/2024, 9:37:00 PM",
Solana,Solana,SOL,,,Received,0.007552343,,198.5995381,[object Object],0.000227536,solana,"11/8/2024, 8:58:13 PM",
Solana,USDC,USDC,,,Received,1.038848,,0.999964,,,,"11/8/2024, 8:58:13 PM",
Solana,Wrapped BTC (Wormhole),WBTC,,,Received,0.00000458,,76582,,,,"11/8/2024, 8:58:13 PM",
Solana,Solana,SOL,,,Received,0.009854401,,198.5995381,[object Object],0.00023736,solana,"11/8/2024, 8:58:13 PM",
Solana,USDC,USDC,,,Received,0.936123,,0.999964,,,,"11/8/2024, 8:58:13 PM",
Solana,Wrapped BTC (Wormhole),WBTC,,,Received,0.00001182,,76582,,,,"11/8/2024, 8:58:13 PM",
Solana,Solana,SOL,,,Sell,1.15,,198.5995381,[object Object],0.003005001,solana,"11/8/2024, 8:57:41 PM",
Solana,USDC,USDC,,,Buy,228.197732,,0.999964,,,,"11/8/2024, 8:57:41 PM",
Solana,Tether,USDT,,,Sell,16.774556,,1.0008,[object Object],0.003005001,solana,"11/8/2024, 8:57:16 PM",
Solana,USDC,USDC,,,Buy,16.792317,,0.999964,,,,"11/8/2024, 8:57:16 PM",
Solana,Raydium,RAY,,,Sell,4.052955,,4.855719467411801,[object Object],0.003005001,solana,"11/8/2024, 8:57:04 PM",
Solana,USDC,USDC,,,Buy,19.680721,,0.999964,,,,"11/8/2024, 8:57:04 PM",
Solana,Wrapped SOL,SOL,,,Sent,0.12427716,,200.07,[object Object],0.003005,solana,"11/8/2024, 8:55:16 PM",
Solana,Solana,SOL,,,Received,0.343572196,,198.5995381,,,,"11/8/2024, 8:55:16 PM",
Solana,USDC,USDC,,,Received,38.278264,,0.999964,,,,"11/8/2024, 8:55:16 PM",
Solana,Raydium,RAY,,,Received,2.30881,,4.96,,,,"11/8/2024, 8:55:16 PM",
Solana,Solana,SOL,,,Sent,0.00203928,,198.5995381,[object Object],0.003005,solana,"11/8/2024, 8:55:12 PM",
Solana,Wrapped SOL,SOL,,,Received,0.12427716,,200.07,,,,"11/8/2024, 8:55:12 PM",
Solana,Tether,USDT,,,Received,16.774556,,1.0008,,,,"11/8/2024, 8:55:12 PM",
Solana,Raydium,RAY,,,Received,0.51299,,4.96,,,,"11/8/2024, 8:55:12 PM",
Solana,USDC,USDC,,,Received,7.167953,,0.999964,,,,"11/8/2024, 8:55:12 PM",
Solana,Tether,USDT,,,Sell,147.456707,,1.0008,[object Object],0.003005001,solana,"11/8/2024, 8:54:49 PM",
Solana,Solana,SOL,,,Buy,0.74425372,,198.2854346574176,,,,"11/8/2024, 8:54:49 PM",
Solana,Solana,SOL,,,Received,1e-7,,198.15540007,,,,"11/8/2024, 8:54:43 PM",
Solana,Solana,SOL,,,Received,1e-7,,198.15540007,,,,"11/8/2024, 8:54:41 PM",
Solana,Solana,SOL,,,Received,1e-7,,198.15540007,,,,"11/8/2024, 8:54:41 PM",
Solana,USDC,USDC,,,Sell,147.718051,,0.999964,[object Object],0.003005001,solana,"11/8/2024, 8:54:34 PM",
Solana,Tether,USDT,,,Buy,147.456707,,1.0008,,,,"11/8/2024, 8:54:34 PM",
Solana,Solana,SOL,,,Sent,3.927066954,,186.95566362,[object Object],0.003005,solana,"11/7/2024, 12:34:49 AM",
Solana,USDC,USDC,,,Sent,2805.058496,,0.999728,,,,"11/7/2024, 12:34:49 AM",
Solana,USDC,USDC,,,Sell,740,,0.999728,[object Object],0.003005001,solana,"11/7/2024, 12:33:07 AM",
Solana,Solana,SOL,,,Buy,3.957206509,,186.95566362,,,,"11/7/2024, 12:33:07 AM",
Solana,Solana,SOL,,,Received,1e-7,,186.95566362,,,,"11/7/2024, 12:30:16 AM",
Solana,Solana,SOL,,,Fee,0.003005,,186.95566362,,,,"11/7/2024, 12:30:15 AM",
Solana,Solana,SOL,,,Received,0.093395624,,186.95566362,,,,"11/7/2024, 12:30:15 AM",
Solana,USDC,USDC,,,Received,2657.468537,,0.999728,,,,"11/7/2024, 12:30:15 AM",
Solana,Raydium,RAY,,,Received,0.862924,,4.29,,,,"11/7/2024, 12:30:15 AM",
Solana,Solana,SOL,,,Received,1e-7,,186.95566362,,,,"11/7/2024, 12:30:04 AM",
Solana,Solana,SOL,,,Received,1e-7,,186.95566362,,,,"11/7/2024, 12:30:04 AM",
Solana,Solana,SOL,,,Received,1e-7,,186.95566362,,,,"11/7/2024, 12:30:04 AM",
Solana,Solana,SOL,,,Fee,0.003005,,186.95566362,,,,"11/7/2024, 12:29:54 AM",
Solana,Solana,SOL,,,Received,0.042468103,,186.95566362,,,,"11/7/2024, 12:29:54 AM",
Solana,USDC,USDC,,,Received,1035.30801,,0.999728,,,,"11/7/2024, 12:29:54 AM",
Solana,Raydium,RAY,,,Received,0.363579,,4.29,,,,"11/7/2024, 12:29:54 AM",
Solana,Tether,USDT,,,Sent,140.027714,,0.99866612,[object Object],0.000505,solana,"11/5/2024, 3:52:01 PM",
Solana,Solana,SOL,,,Sent,0.000009902,,165.9110439,[object Object],0.000025,solana,"11/5/2024, 3:52:01 PM",
Solana,USDC,USDC,,,Sell,140,,0.999506,[object Object],0.003005001,solana,"11/5/2024, 3:51:39 PM",
Solana,Tether,USDT,,,Buy,140.027714,,0.99866612,,,,"11/5/2024, 3:51:39 PM",
Solana,USDC,USDC,,,Received,140,,0.999506,[object Object],0.000505,solana,"11/5/2024, 3:51:08 PM",
Solana,Tether,USDT,,,Sent,120.02394,,0.99866612,[object Object],0.000505,solana,"11/5/2024, 3:49:20 PM",
Solana,Solana,SOL,,,Sent,0.000009902,,165.9110439,[object Object],0.000025,solana,"11/5/2024, 3:49:20 PM",
Solana,USDC,USDC,,,Sell,120,,0.999506,[object Object],0.003005001,solana,"11/5/2024, 3:48:58 PM",
Solana,Tether,USDT,,,Buy,120.02394,,0.99866612,,,,"11/5/2024, 3:48:58 PM",
Solana,USDC,USDC,,,Received,120,,0.999506,[object Object],0.000505,solana,"11/5/2024, 3:48:23 PM",
Solana,Tether,USDT,,,Sent,190.038316,,0.99866612,[object Object],0.000505,solana,"11/5/2024, 3:47:26 PM",
Solana,Solana,SOL,,,Sent,0.000009902,,165.9110439,[object Object],0.000025,solana,"11/5/2024, 3:47:26 PM",
Solana,USDC,USDC,,,Sell,190,,0.999506,[object Object],0.001245208,solana,"11/5/2024, 3:46:40 PM",
Solana,Tether,USDT,,,Buy,190.038316,,0.99866612,,,,"11/5/2024, 3:46:40 PM",
Solana,USDC,USDC,,,Received,190,,0.999506,[object Object],0.000505,solana,"11/5/2024, 3:44:52 PM",
Solana,Solana,SOL,,,Sent,0.01197816,,165.90788606,[object Object],0.000505,solana,"11/5/2024, 3:39:28 PM",
Solana,Tether,USDT,,,Sent,240.303539,,0.99866612,,,,"11/5/2024, 3:39:28 PM",
Solana,Solana,SOL,,,Sell,1.19796072,,165.81537395504964,[object Object],0.001245208,solana,"11/5/2024, 3:38:20 PM",
Solana,Tether,USDT,,,Buy,198.905621,,0.99866612,,,,"11/5/2024, 3:38:20 PM",
Solana,Solana,SOL,,,Received,0.698506162,,165.90788606,[object Object],0.001245208,solana,"11/5/2024, 3:37:46 PM",
Solana,Tether,USDT,,,Received,37.162222,,0.99866612,,,,"11/5/2024, 3:37:46 PM",
Solana,Solana,SOL,,,Sent,1.00491376,,165.78880517,[object Object],0.000075,solana,"11/5/2024, 3:31:51 PM",
Solana,Solana,SOL,,,Received,1e-9,,166.2858915,,,,"11/2/2024, 9:05:02 PM",
Solana,Solana,SOL,,,Received,1e-9,,166.2858915,,,,"11/2/2024, 9:05:02 PM",
Solana,Solana,SOL,,,Sent,3.526857835,,166.54324414,[object Object],0.002323841,solana,"11/2/2024, 9:04:52 PM",
Solana,Tether,USDT,,,Sent,165.192169,,0.9997,,,,"11/2/2024, 9:04:52 PM",
Solana,Tether,USDT,,,Sell,340,,0.9997,[object Object],0.002323842,solana,"11/2/2024, 9:04:13 PM",
Solana,Solana,SOL,,,Buy,2.044235007,,166.27148974364474,,,,"11/2/2024, 9:04:13 PM",
Solana,Solana,SOL,,,Fee,0.003005,,166.54324414,,,,"11/2/2024, 9:02:48 PM",
Solana,Solana,SOL,,,Received,2.700468244,,166.54324414,,,,"11/2/2024, 9:02:48 PM",
Solana,Tether,USDT,,,Received,0.316136,,0.9997,,,,"11/2/2024, 9:02:48 PM",
Solana,Raydium,RAY,,,Received,0.00399,,3.59,,,,"11/2/2024, 9:02:48 PM",
Solana,Solana,SOL,,,Received,1e-7,,166.54324414,,,,"11/2/2024, 9:02:42 PM",
Solana,Solana,SOL,,,Received,1e-7,,166.54324414,,,,"11/2/2024, 9:02:42 PM",
Solana,Solana,SOL,,,Fee,0.003005,,166.54324414,,,,"11/2/2024, 9:02:35 PM",
Solana,Solana,SOL,,,Received,0.344060276,,166.54324414,,,,"11/2/2024, 9:02:35 PM",
Solana,Tether,USDT,,,Received,0.040676,,0.9997,,,,"11/2/2024, 9:02:35 PM",
Solana,Raydium,RAY,,,Received,0.000536,,3.59,,,,"11/2/2024, 9:02:35 PM",
Solana,Solana,SOL,,,Sent,0.0029232,,165.84829185,[object Object],0.0005022,solana,"11/1/2024, 4:42:08 PM",
Solana,USDC,USDC,,,Sent,304.252024,,1,,,,"11/1/2024, 4:42:08 PM",
Solana,Solana,SOL,,,Received,1e-7,,170.24449497,,,,"11/1/2024, 3:05:18 PM",
Solana,Solana,SOL,,,Received,1e-7,,170.24449497,,,,"11/1/2024, 3:05:18 PM",
Solana,Solana,SOL,,,Fee,0.003005,,170.24449497,,,,"11/1/2024, 3:05:14 PM",
Solana,Solana,SOL,,,Received,0.004979887,,170.24449497,,,,"11/1/2024, 3:05:14 PM",
Solana,Tether,USDT,,,Received,509.071053,,0.9994,,,,"11/1/2024, 3:05:14 PM",
Solana,Raydium,RAY,,,Received,0.000126,,3.41,,,,"11/1/2024, 3:05:14 PM",
Solana,Wrapped BTC (Wormhole),WBTC,,,Sell,0.0005217,,70510.35460992907,[object Object],0.003005001,solana,"11/1/2024, 1:36:37 PM",
Solana,USDC,USDC,,,Buy,36.785252,,1,,,,"11/1/2024, 1:36:37 PM",
Solana,Solana,SOL,,,Received,1e-9,,170.06917033,,,,"11/1/2024, 1:29:35 PM",
Solana,Solana,SOL,,,Received,1e-9,,170.06917033,,,,"11/1/2024, 1:29:35 PM",
Solana,Solana,SOL,,,Sell,0.39,,170.06917033,[object Object],0.003005001,solana,"11/1/2024, 1:28:21 PM",
Solana,USDC,USDC,,,Buy,66.255173,,1,,,,"11/1/2024, 1:28:21 PM",
Solana,Wrapped SOL,SOL,,,Sell,0.306143789,,171.2020323057514,[object Object],0.000025,solana,"11/1/2024, 1:28:01 PM",
Solana,Solana,SOL,,,Buy,0.308183069,,170.06917033,,,,"11/1/2024, 1:28:01 PM",
Solana,Raydium,RAY,,,Sell,5.094957,,3.4944701201599937,[object Object],0.003005001,solana,"11/1/2024, 1:27:30 PM",
Solana,USDC,USDC,,,Buy,17.804175,,1,,,,"11/1/2024, 1:27:30 PM",
Solana,Tether,USDT,,,Sell,46.737667,,0.9994,[object Object],0.003005001,solana,"11/1/2024, 1:27:15 PM",
Solana,USDC,USDC,,,Buy,46.69081,,1,,,,"11/1/2024, 1:27:15 PM",
Solana,Solana,SOL,,,Sell,0.306143789,,170.06917033,[object Object],0.003005001,solana,"11/1/2024, 1:25:01 PM",
Solana,USDC,USDC,,,Buy,52.026745,,1,,,,"11/1/2024, 1:25:01 PM",
Solana,Solana,SOL,,,Received,0.006724018,,170.30713403,[object Object],0.000244476,solana,"11/1/2024, 1:24:20 PM",
Solana,USDC,USDC,,,Received,0.622102,,1,,,,"11/1/2024, 1:24:20 PM",
Solana,Wrapped BTC (Wormhole),WBTC,,,Received,0.00000755,,69596,,,,"11/1/2024, 1:24:20 PM",
Solana,Solana,SOL,,,Received,0.006316782,,170.30713403,[object Object],0.000011,solana,"11/1/2024, 1:24:20 PM",
Solana,USDC,USDC,,,Received,0.650428,,1,,,,"11/1/2024, 1:24:20 PM",
Solana,Wrapped BTC (Wormhole),WBTC,,,Received,0.00000643,,69596,,,,"11/1/2024, 1:24:20 PM",
Solana,Wrapped SOL,SOL,,,Sent,0.373977454,,166.29,[object Object],0.003005,solana,"11/1/2024, 1:22:14 PM",
Solana,Solana,SOL,,,Received,0.376048036,,170.30713403,,,,"11/1/2024, 1:22:14 PM",
Solana,Tether,USDT,,,Received,0.007102,,0.9994,,,,"11/1/2024, 1:22:14 PM",
Solana,Raydium,RAY,,,Received,0.000061,,3.41,,,,"11/1/2024, 1:22:14 PM",
Solana,Solana,SOL,,,Sent,0.00203928,,170.30713403,[object Object],0.003005,solana,"11/1/2024, 1:22:12 PM",
Solana,Wrapped SOL,SOL,,,Received,0.373977454,,166.29,,,,"11/1/2024, 1:22:12 PM",
Solana,USDC,USDC,,,Received,64.451027,,1,,,,"11/1/2024, 1:22:12 PM",
Solana,Raydium,RAY,,,Received,3.607231,,3.41,,,,"11/1/2024, 1:22:12 PM",
Solana,Wrapped SOL,SOL,,,Received,0.196945376,,166.29,[object Object],0.000005,solana,"11/1/2024, 1:21:58 PM",
Solana,Tether,USDT,,,Received,23.018686,,0.9994,,,,"11/1/2024, 1:21:58 PM",
Solana,Raydium,RAY,,,Received,0.651454,,3.41,,,,"11/1/2024, 1:21:58 PM",
Solana,USDC,USDC,,,Received,10.815162,,1,,,,"11/1/2024, 1:21:58 PM",
Solana,Solana,SOL,,,Sent,0.00203928,,170.30713403,[object Object],0.003005,solana,"11/1/2024, 1:21:24 PM",
Solana,Wrapped SOL,SOL,,,Received,0.109198413,,166.29,,,,"11/1/2024, 1:21:24 PM",
Solana,Tether,USDT,,,Received,18.553595,,0.9994,,,,"11/1/2024, 1:21:24 PM",
Solana,Raydium,RAY,,,Received,0.172623,,3.41,,,,"11/1/2024, 1:21:24 PM",
Solana,Solana,SOL,,,Sent,1.34392,,169.48881801,[object Object],0.00301,solana,"10/25/2024, 5:48:56 PM",
Solana,Tether,USDT,,,Sent,231.560059,,1.0011946,,,,"10/25/2024, 5:48:56 PM",
Solana,Solana,SOL,,,Sell,1.394612921,,169.62893346693738,[object Object],0.003005001,solana,"10/25/2024, 5:48:01 PM",
Solana,Tether,USDT,,,Buy,236.284437,,1.0011946,,,,"10/25/2024, 5:48:01 PM",
Solana,Solana,SOL,,,Sent,2.800332237,,169.48881801,[object Object],0.00301,solana,"10/25/2024, 5:47:13 PM",
Solana,USDC,USDC,,,Sent,535.258803,,1.002,,,,"10/25/2024, 5:47:13 PM",
Solana,Solana,SOL,,,Sent,0.19371605,,169.48881801,[object Object],0.00301,solana,"10/25/2024, 5:46:07 PM",
Solana,Tether,USDT,,,Sent,28.493129,,1.0011946,,,,"10/25/2024, 5:46:07 PM",
Solana,Tether,USDT,,,Sell,480,,1.0011946,[object Object],0.003005001,solana,"10/25/2024, 5:45:01 PM",
Solana,Solana,SOL,,,Buy,2.834162148,,169.56454250125708,,,,"10/25/2024, 5:45:01 PM",
Solana,Solana,SOL,,,Sent,3.02392,,169.69695248,[object Object],0.00301,solana,"10/25/2024, 5:44:16 PM",
Solana,Solana,SOL,,,Sell,3,,169.69695248,[object Object],0.003005001,solana,"10/25/2024, 5:43:13 PM",
Solana,USDC,USDC,,,Buy,508.073834,,1.002,,,,"10/25/2024, 5:43:13 PM",
Solana,Solana,SOL,,,Sell,2.99796072,,169.9605321166486,[object Object],0.003005001,solana,"10/25/2024, 5:42:35 PM",
Solana,Tether,USDT,,,Buy,508.927035,,1.0011946,,,,"10/25/2024, 5:42:35 PM",
Solana,Solana,SOL,,,Sent,7.820555535,,169.69695248,[object Object],0.000016,solana,"10/25/2024, 5:39:02 PM",
Solana,Wrapped BTC (Wormhole),WBTC,,,Sent,0.01970029,,66406,,,,"10/25/2024, 5:39:02 PM",
Solana,Solana,SOL,,,Sell,8,,169.69695248,[object Object],0.00001,solana,"10/25/2024, 5:38:18 PM",
Solana,Wrapped BTC (Wormhole),WBTC,,,Buy,0.02020235,,67198.89616010018,,,,"10/25/2024, 5:38:18 PM",
Solana,Solana,SOL,,,Sent,3.993837282,,169.69695248,[object Object],0.001080172,solana,"10/25/2024, 5:37:20 PM",
Solana,USDC,USDC,,,Sent,674.743824,,1.002,,,,"10/25/2024, 5:37:20 PM",
Solana,Solana,SOL,,,Sent,3.993812604,,169.69695248,[object Object],0.000292881,solana,"10/25/2024, 5:37:06 PM",
Solana,USDC,USDC,,,Sent,675.411642,,1.002,,,,"10/25/2024, 5:37:06 PM",
Solana,Solana,SOL,,,Sell,8,,169.69695248,[object Object],0.00001,solana,"10/25/2024, 5:35:53 PM",
Solana,USDC,USDC,,,Buy,1357.003127,,1.002,,,,"10/25/2024, 5:35:53 PM",
Solana,Solana,SOL,,,Received,43.787302647,,172.670283,,,,"10/25/2024, 4:02:40 PM",
Solana,Solana,SOL,,,Sent,1.54392,,177.04837166,[object Object],0.00301,solana,"10/24/2024, 8:34:06 PM",
Solana,USDC,USDC,,,Sent,289.220872,,1,,,,"10/24/2024, 8:34:06 PM",
Solana,Solana,SOL,,,Sell,1.564294532,,177.04837166,[object Object],0.003005001,solana,"10/24/2024, 8:32:59 PM",
Solana,USDC,USDC,,,Buy,276.352428,,1,,,,"10/24/2024, 8:32:59 PM",
Solana,Solana,SOL,,,Sent,13.613059026,,177.04837166,[object Object],0.00301,solana,"10/24/2024, 8:32:07 PM",
Solana,USDC,USDC,,,Sent,2715.769846,,1,,,,"10/24/2024, 8:32:07 PM",
Solana,Solana,SOL,,,Received,1e-9,,177.04837166,,,,"10/24/2024, 8:31:57 PM",
Solana,Solana,SOL,,,Received,1e-9,,177.04837166,,,,"10/24/2024, 8:31:57 PM",
Solana,USDC,USDC,,,Sell,2757.126748,,1,[object Object],0.003005001,solana,"10/24/2024, 8:31:18 PM",
Solana,Solana,SOL,,,Buy,15.595516329,,177.04837166,,,,"10/24/2024, 8:31:18 PM",
Solana,Tether,USDT,,,Sell,20.47728,,0.9997,[object Object],0.003005001,solana,"10/24/2024, 8:30:17 PM",
Solana,USDC,USDC,,,Buy,20.461501,,1,,,,"10/24/2024, 8:30:17 PM",
Solana,Solana,SOL,,,Sent,6.888084801,,177.04837166,[object Object],0.00301,solana,"10/24/2024, 8:29:55 PM",
Solana,Tether,USDT,,,Sent,1344.674711,,0.9997,,,,"10/24/2024, 8:29:55 PM",
Solana,Tether,USDT,,,Sell,1365.151991,,0.9997,[object Object],0.003005001,solana,"10/24/2024, 8:27:08 PM",
Solana,Solana,SOL,,,Buy,7.702304467,,177.1862500696832,,,,"10/24/2024, 8:27:08 PM",
Solana,Solana,SOL,,,Fee,0.003005,,177.04837166,,,,"10/24/2024, 8:25:03 PM",
Solana,Solana,SOL,,,Received,0.097544241,,177.04837166,,,,"10/24/2024, 8:25:03 PM",
Solana,Tether,USDT,,,Received,2674.54732,,0.9997,,,,"10/24/2024, 8:25:03 PM",
Solana,Raydium,RAY,,,Received,0.160135,,3.03,,,,"10/24/2024, 8:25:03 PM",
Solana,Solana,SOL,,,Fee,0.003005,,177.01385354,,,,"10/24/2024, 8:24:11 PM",
Solana,Solana,SOL,,,Received,0.00488592,,177.01385354,,,,"10/24/2024, 8:24:11 PM",
Solana,USDC,USDC,,,Received,5440.547861,,1,,,,"10/24/2024, 8:24:11 PM",
Solana,Solana,SOL,,,Received,1e-7,,177.01385354,,,,"10/24/2024, 8:23:47 PM",
Solana,Solana,SOL,,,Received,1e-7,,177.01385354,,,,"10/24/2024, 8:23:47 PM",
Solana,Solana,SOL,,,Received,0.191472738,,177.01385354,[object Object],0.003005,solana,"10/24/2024, 8:23:43 PM",
Solana,Raydium,RAY,,,Received,0.503453,,3.03,,,,"10/24/2024, 8:23:43 PM",
Solana,USDC,USDC,,,Received,32.69262,,1,,,,"10/24/2024, 8:23:43 PM",
Solana,Solana,SOL,,,Sent,4.248113197,,167.55640796,[object Object],0.002421628,solana,"10/22/2024, 9:06:47 PM",
Solana,Tether,USDT,,,Sent,629.765707,,0.99952803,,,,"10/22/2024, 9:06:47 PM",
Solana,Solana,SOL,,,Sent,7.365131908,,167.55640796,[object Object],0.00301,solana,"10/22/2024, 9:05:58 PM",
Solana,USDC,USDC,,,Sent,1349.549372,,0.999886,,,,"10/22/2024, 9:05:58 PM",
Solana,Solana,SOL,,,Sent,3.732610153,,167.55640796,[object Object],0.00301,solana,"10/22/2024, 9:05:15 PM",
Solana,Tether,USDT,,,Sent,685.52237,,0.99952803,,,,"10/22/2024, 9:05:15 PM",
Solana,Tether,USDT,,,Sell,1371.044738,,0.99952803,[object Object],0.003005001,solana,"10/22/2024, 9:04:04 PM",
Solana,USDC,USDC,,,Buy,1370.100886,,0.999886,,,,"10/22/2024, 9:04:04 PM",
Solana,Solana,SOL,,,Sent,0.00203928,,168.38776884,[object Object],0.003005001,solana,"10/22/2024, 9:02:33 PM",
Solana,USDC,USDC,,,Sent,2740.747051,,0.999886,,,,"10/22/2024, 9:02:33 PM",
Solana,Tether,USDT,,,Received,2742.089477,,0.99952803,,,,"10/22/2024, 9:02:33 PM",
Solana,Tether,USDT,,USD,Fill,2189.434547000002,0.999740016,0.999740016,,,,"10/22/2024, 9:02:33 PM","This is a fake transaction created to fill your balance, because  API does not send all your transactions"
Solana,Solana,SOL,,,Sent,15.990297889,,168.38776884,[object Object],0.00301,solana,"10/22/2024, 9:01:35 PM",
Solana,USDC,USDC,,,Sent,2740.747051,,0.999886,,,,"10/22/2024, 9:01:35 PM",
Solana,Solana,SOL,,,Received,1e-7,,168.38776884,,,,"10/22/2024, 8:58:21 PM",
Solana,Solana,SOL,,,Received,1e-7,,168.38776884,,,,"10/22/2024, 8:58:21 PM",
Solana,Solana,SOL,,,Fee,0.000034858,,168.38776884,,,,"10/22/2024, 8:58:17 PM",
Solana,Solana,SOL,,,Received,0.353541936,,168.38776884,,,,"10/22/2024, 8:58:17 PM",
Solana,USDC,USDC,,,Received,58.709264,,0.999886,,,,"10/22/2024, 8:58:17 PM",
Solana,Solana,SOL,,,Fee,0.000130247,,165.92798458,,,,"10/21/2024, 7:03:57 PM",
Solana,Solana,SOL,,,Received,31.043764985,,165.92798458,,,,"10/21/2024, 7:03:57 PM",
Solana,USDC,USDC,,,Received,5149.605284,,0.999638,,,,"10/21/2024, 7:03:57 PM",
Solana,Solana,SOL,,,Received,0.007165726,,165.92798458,[object Object],0.000026172,solana,"10/21/2024, 7:03:26 PM",
Solana,USDC,USDC,,,Received,1.232519,,0.999638,,,,"10/21/2024, 7:03:26 PM",
Solana,Solana,SOL,,,Sell,0.92,,159.45867824,[object Object],0.00001,solana,"10/20/2024, 3:22:14 PM",
Solana,USDC,USDC,,,Buy,146.572339,,1,,,,"10/20/2024, 3:22:14 PM",
Solana,Solana,SOL,,,Received,1e-7,,159.45867824,,,,"10/20/2024, 3:21:00 PM",
Solana,Solana,SOL,,,Received,1e-7,,159.45867824,,,,"10/20/2024, 3:21:00 PM",
Solana,Solana,SOL,,,Fee,0.000115161,,159.45867824,,,,"10/20/2024, 3:20:54 PM",
Solana,Solana,SOL,,,Sell,0.001602654,,159.45867824,[object Object],0.000146274,solana,"10/20/2024, 3:20:54 PM",
Solana,USDC,USDC,,,Buy,0.066965,,1,,,,"10/20/2024, 3:20:54 PM",
Solana,Solana,SOL,,,Received,0.04027975,,159.45867824,[object Object],0.000157716,solana,"10/20/2024, 3:20:54 PM",
Solana,Wrapped BTC (Wormhole),WBTC,,,Received,0.00000436,,68852,,,,"10/20/2024, 3:20:54 PM",
Solana,USDC,USDC,,,Received,5.893957,,1,,,,"10/20/2024, 3:20:54 PM",
Solana,Solana,SOL,,,Sent,33.785616576,,140.75,[object Object],0.000094395,solana,"10/9/2024, 7:29:42 PM",
Solana,USDC,USDC,,,Sent,4733.960258,,0.999628,,,,"10/9/2024, 7:29:42 PM",
Solana,Solana,SOL,,,Sell,34.625205585,,140.75,[object Object],0.00001,solana,"10/9/2024, 7:29:31 PM",
Solana,USDC,USDC,,,Buy,4853.374032,,0.999628,,,,"10/9/2024, 7:29:31 PM",
Solana,USDC,USDC,,,Sell,9721.429725,,0.999628,[object Object],0.00001,solana,"10/9/2024, 7:28:00 PM",
Solana,Solana,SOL,,,Buy,69.296416077,,140.75,,,,"10/9/2024, 7:28:00 PM",
Solana,USDC,USDC,,,Received,9720.054175,,0.999628,[object Object],0.000005001,solana,"10/9/2024, 7:21:26 PM",
Solana,Solana,SOL,,,Sent,0.402758734,,140.65,[object Object],0.00004064,solana,"10/9/2024, 6:49:59 PM",
Solana,USDC,USDC,,,Sent,53.646415,,0.999628,,,,"10/9/2024, 6:49:59 PM",
Solana,Solana,SOL,,,Fee,0.000013167,,140.75,,,,"10/9/2024, 6:44:30 PM",
Solana,Solana,SOL,,,Received,0.385927914,,140.75,,,,"10/9/2024, 6:44:30 PM",
Solana,USDC,USDC,,,Received,53.670894,,0.999628,,,,"10/9/2024, 6:44:30 PM",
Solana,Solana,SOL,,,Sent,0.402505115,,140.75,[object Object],0.000020212,solana,"10/9/2024, 6:43:49 PM",
Solana,USDC,USDC,,,Sent,53.670895,,0.999628,,,,"10/9/2024, 6:43:49 PM",
Solana,Solana,SOL,,,Sell,0.391091578,,140.75,[object Object],0.00001,solana,"10/9/2024, 6:42:58 PM",
Solana,USDC,USDC,,,Buy,55.021966,,0.999628,,,,"10/9/2024, 6:42:58 PM",
Solana,Solana,SOL,,,Received,1e-7,,140.75,,,,"10/9/2024, 6:40:13 PM",
Solana,Solana,SOL,,,Received,1e-7,,140.75,,,,"10/9/2024, 6:40:13 PM",
Solana,USDC,USDC,,,Sell,100,,0.999628,[object Object],0.000034214,solana,"10/9/2024, 6:40:03 PM",
Solana,Solana,SOL,,,Buy,0.71045939,,140.75,,,,"10/9/2024, 6:40:03 PM",
Solana,Solana,SOL,,,Received,1e-7,,141.23,,,,"10/9/2024, 5:22:14 PM",
Solana,Solana,SOL,,,Received,1e-7,,141.23,,,,"10/9/2024, 5:22:14 PM",
Solana,USDC,USDC,,,Received,100,,0.999628,[object Object],0.000005001,solana,"10/9/2024, 5:21:56 PM",
Solana,Solana,SOL,,,Sent,0.00203928,,141.23,[object Object],0.000005001,solana,"10/9/2024, 5:21:22 PM",
Solana,Solana,SOL,,,Sent,3.192225734,,142.31,[object Object],0.000015,solana,"10/8/2024, 7:08:04 PM",
Solana,Wrapped BTC (Wormhole),WBTC,,,Sent,0.00728904,,62066,,,,"10/8/2024, 7:08:04 PM",
Solana,Solana,SOL,,,Sell,3.175340826,,142.31,[object Object],0.00001,solana,"10/8/2024, 7:07:51 PM",
Solana,Wrapped BTC (Wormhole),WBTC,,,Buy,0.00729034,,61983.76933696645,,,,"10/8/2024, 7:07:51 PM",
Solana,Solana,SOL,,,Received,0.000001,,142.97685242,,,,"10/8/2024, 6:59:51 PM",
Solana,Solana,SOL,,,Received,0.000001,,142.97685242,,,,"10/8/2024, 6:58:54 PM",
Solana,Solana,SOL,,,Received,6.488773617,,142.97685242,,,,"10/8/2024, 6:57:37 PM",
Solana,Solana,SOL,,,Sent,6.488788617,,142.9,[object Object],0.000015,solana,"10/8/2024, 6:52:37 PM",
Solana,Solana,SOL,,,Received,1e-7,,142.9,,,,"10/8/2024, 6:52:05 PM",
Solana,Solana,SOL,,,Received,1e-7,,142.9,,,,"10/8/2024, 6:52:05 PM",
Solana,Ethereum (Wormhole),ETH,,,Sell,0.35998406,,2436.827573735626,[object Object],0.00001,solana,"10/8/2024, 6:52:00 PM",
Solana,Solana,SOL,,,Buy,6.138691977,,142.9,,,,"10/8/2024, 6:52:00 PM",
Solana,Solana,SOL,,,Received,0.35012144,,142.9,,,,"10/8/2024, 6:49:43 PM",
Solana,Raydium,RAY,,USD,Fill,9.010541,2.01,2.01,,,,"10/8/2024, 5:14:36 PM","This is a fake transaction created to fill your balance, because  API does not send all your transactions"
Solana,Jupiter Perpetuals Liquidity Provider Token,JLP,,USD,Fill,159.88959200000002,3.89,3.89,,,,"10/8/2024, 5:14:36 PM","This is a fake transaction created to fill your balance, because  API does not send all your transactions"
Solana,Ethereum (Wormhole),ETH,,USD,Fill,0.044145179999999645,2019.64,2019.64,,,,"10/8/2024, 5:14:36 PM","This is a fake transaction created to fill your balance, because  API does not send all your transactions"
Solana,Solana,SOL,,USD,Fill,40.7499921880004,139.37289546282014,139.37289546282014,,,,"10/8/2024, 5:14:36 PM","This is a fake transaction created to fill your balance, because  API does not send all your transactions"
Solana,Ethereum (Wormhole),ETH,,,Received,0.35998406,,2443.14,,,,"10/8/2024, 5:14:36 PM",
Solana,USDC,USDC,,USD,Fill,15913.17178899997,0.999872,0.999872,,,,"10/8/2024, 5:14:36 PM","This is a fake transaction created to fill your balance, because  API does not send all your transactions"
Solana,Wrapped BTC (Wormhole),WBTC,,USD,Fill,0.00033449000000000683,87043,87043,,,,"10/8/2024, 5:14:36 PM","This is a fake transaction created to fill your balance, because  API does not send all your transactions"
Solana,Coinbase Wrapped BTC,CBBTC,,USD,Fill,0.00003942,105550,105550,,,,"10/8/2024, 5:14:36 PM","This is a fake transaction created to fill your balance, because  API does not send all your transactions"
